,C,O,c,1,c,(,C,N,C,(,C,N,c,2,c,c,(,[,N,+,],(,[,O,-,],),=,O,),c,c,(,F,),c,2,),=,O,),c,(,O,C,),c,c,(,O,C,),c,1
C,0.013850904,0.048833054,0.02481107,0.009556848,0.020270498,0.0066456385,0.009575355,0.0026639204,0.123150356,0.0007031062,0.0117926635,0.0015692154,0.084682874,0.0009744605,0.0035438966,0.0007423499,0.0011652482,0.003812175,0.0066993725,0.019765116,0.031023059,0.0066231713,0.009379223,0.008379642,0.0045431014,0.023868224,0.007073066,0.013726805,0.0054485975,0.0069475183,0.013064503,0.003727022,0.0029587839,0.006468722,0.02301724,0.007840721,0.0011259333,0.009260963,0.009838594,0.005480707,0.014550238,0.013868199,0.010885825,0.017139027,0.029213604,0.053096674,0.025338087,0.0087639,0.011777392,0.033209328,0.04398812,0.05818294,0.028985292,0.0071604433
O,9.936742e-05,0.10450388,0.8161637,0.01712144,0.023012513,0.000268356,0.0009383112,3.068576e-06,4.0731913e-05,1.04962254e-07,7.073658e-06,3.3314222e-08,1.8184735e-06,2.7816645e-07,2.7103367e-06,1.091375e-06,8.588673e-07,5.2131422e-06,5.143063e-05,6.106607e-05,1.5525973e-05,5.6714365e-05,0.00012964329,0.00014968074,0.00026301775,2.6147402e-05,6.986312e-05,2.9000363e-05,1.090978e-05,5.74337e-05,1.2656808e-05,4.248092e-06,4.0512973e-06,4.2843574e-05,1.7766866e-05,1.6236405e-05,6.4488717e-07,4.9309524e-06,1.1627929e-05,1.1964031e-05,0.00019379235,5.0542956e-05,0.0001554284,0.0015464574,0.0019585276,0.00023485647,0.00025117968,0.00027109057,0.0006856175,0.0056942366,0.016132254,0.0027692232,0.0010975996,0.0043346104
c,1.485677e-05,0.96419394,0.0058526313,0.007261423,0.00079086365,7.343662e-05,3.9762566e-05,4.1763747e-07,4.5507993e-05,1.602053e-07,4.419694e-06,1.3986695e-08,5.3822816e-07,1.7143338e-07,2.2727441e-07,6.406649e-07,2.1080233e-07,1.4650558e-07,2.8309464e-06,1.22667925e-05,1.7016736e-06,7.378576e-06,6.556283e-05,0.00025007926,2.4651661e-05,0.0001081337,3.9729326e-05,3.2563273e-06,2.7130227e-05,9.834147e-06,6.175391e-07,2.4106404e-07,3.097069e-07,6.5582157e-07,4.9363047e-07,4.1764068e-07,4.9696433e-07,1.6771363e-06,6.829344e-07,1.9321724e-05,8.0468424e-05,6.8453623e-06,4.3372547e-05,0.00017926865,9.41031e-06,0.004796316,1.7019973e-05,2.2713964e-05,5.3050466e-05,0.00012559745,5.7348047e-05,0.013132071,7.591175e-05,0.002328076
1,0.00047515603,0.27692017,0.5116005,0.0015023163,0.054915518,6.614145e-05,0.003883079,5.2633186e-05,0.0003356524,2.311598e-07,3.6439883e-06,2.2935392e-07,2.1866703e-05,9.229015e-08,9.941501e-06,1.6344543e-07,8.1762195e-08,7.4046625e-06,0.00070725294,0.000107099564,0.0003204934,0.0006981617,9.929889e-05,0.0026384534,0.00039240194,0.0001142105,0.0016310599,3.6825168e-05,2.6593347e-05,0.00025702926,2.3465187e-05,9.21139e-07,4.993495e-07,0.00013217742,0.00032769886,4.7241225e-05,1.1913457e-06,0.00018247827,3.3054188e-05,1.8286333e-05,0.0002325195,8.381837e-05,2.4335472e-05,0.005291468,0.0067761675,0.0024285163,0.00041552502,7.5541604e-05,8.875437e-05,0.024383398,0.059127472,0.01668272,0.002171926,0.0015079058
c,0.0021250036,0.34043065,0.4144748,0.014168582,0.14215201,0.002010276,0.009686199,0.00041788153,0.0027065205,2.7944525e-06,3.224351e-05,2.9927821e-06,7.928027e-05,1.9109032e-06,7.056748e-05,1.751592e-05,1.8497747e-05,0.000110863766,0.00037691667,0.00079798093,0.001030371,0.00019687689,0.0004758239,0.00033060962,0.0006903006,0.0006102691,0.0002093092,0.00039973028,0.00012891441,0.00041557604,0.00019018703,1.14586755e-05,3.1865084e-06,9.017916e-05,9.898548e-05,8.320102e-05,7.8292305e-07,6.8781366e-05,6.3388055e-05,2.374732e-05,0.00015635387,0.00030972937,0.0006431144,0.0074009984,0.006994175,0.0040504416,0.0012157074,0.00047895545,0.0006808138,0.016124556,0.0120568145,0.0065622223,0.0015689174,0.0009532983
c,0.0050494242,0.06099998,0.23453821,0.0020180591,0.112326056,0.0018779929,0.06221419,0.00660709,0.006944713,4.939537e-05,0.00027316087,2.5095413e-05,0.00016167815,2.06699e-06,0.000117244315,5.421966e-06,4.151492e-06,0.00015299559,0.0012070523,0.00020636192,0.001714356,0.00182974,8.708813e-05,0.00039104949,0.00019979409,9.709941e-05,0.0012477321,0.00017218127,4.9842358e-05,0.00016508765,0.00018749533,4.1726526e-06,1.8021457e-06,0.00030884065,0.0005218348,0.00039553456,1.2085288e-06,0.00021685382,0.00034274615,0.0003287231,0.001075359,0.0014960716,0.0019464921,0.12457307,0.14265497,0.019984497,0.0093978215,0.0011225173,0.0007332853,0.08201136,0.0770313,0.007277712,0.005329829,0.000323235
(,0.0034707265,0.025571017,0.37855324,0.08705922,0.22504169,0.032074936,0.03227337,0.006403203,0.004657679,1.8761486e-05,6.074329e-05,1.2318525e-05,4.3655724e-05,1.0273605e-05,5.9542508e-05,1.4241224e-05,2.347983e-05,4.466095e-05,0.00020202919,0.000255846,0.00018833704,0.00023828953,3.8497685e-05,4.9474827e-05,2.8743792e-05,3.747707e-05,0.0001354791,0.00038166053,1.2885962e-05,1.9556881e-05,0.00024432645,1.7008791e-05,6.836482e-06,4.3249038e-05,3.0972282e-05,0.00027869514,1.4428174e-06,2.3029732e-05,0.00024962754,3.3117143e-05,0.000102398735,0.0013055403,0.014941968,0.024159998,0.040851146,0.0019660718,0.006459027,0.008741949,0.010123914,0.037724108,0.035114527,0.0018515397,0.004595717,0.004352839
O,0.009117253,0.019520763,0.11280444,0.07408063,0.16893096,0.071441926,0.07702913,0.008915009,0.082097396,0.00022507012,0.0040437896,8.2105995e-05,0.0009044448,0.00019351023,0.0005284835,9.864001e-05,0.00013165662,0.00017158165,8.348349e-05,0.00039389572,0.0002414027,0.0001456591,7.491081e-05,2.5585725e-05,3.1871296e-05,5.900041e-05,7.726419e-05,0.0009187735,1.1636758e-05,2.8336024e-05,0.0006191805,2.045447e-05,2.7525995e-05,0.00013662876,5.684223e-05,0.0010278213,8.950097e-06,0.00010039178,0.0014219688,0.00020808548,0.002935447,0.008057168,0.040215433,0.060187884,0.06896104,0.011296541,0.03789666,0.010500201,0.015741292,0.04836647,0.029414447,0.0030507054,0.013336391,0.0026217364
C,0.00072842656,3.104831e-05,0.000563421,0.004308812,0.00055289315,0.02920918,0.001432431,0.28244695,0.0057879887,0.59856147,0.007671179,0.027379286,0.00014244555,0.02434868,0.000595298,0.0004782825,0.00031054925,7.662798e-06,4.710859e-05,9.88284e-07,5.6360986e-06,0.00022889885,6.338954e-07,8.4498915e-06,5.643012e-07,6.922401e-07,7.832388e-05,3.6977894e-05,9.0554395e-06,1.4485626e-07,4.4725257e-05,3.083786e-06,1.0709357e-05,2.477013e-06,9.4777135e-07,0.00014126925,3.6226888e-06,6.8314506e-07,0.00036151428,0.0079605,0.00015423527,0.0023977337,0.0015557598,0.00010611187,0.0005427627,3.9476374e-05,0.0007481044,8.71308e-05,0.00023518686,4.3321346e-05,0.00015156425,6.5747545e-06,0.00020246638,1.2487952e-05
),0.005465823,0.0010435696,0.0036087835,0.004504662,0.006789041,0.025152385,0.028655129,0.016041838,0.1942656,0.03690799,0.37408182,0.049236506,0.05752208,0.016045382,0.007879115,0.012520638,0.005032599,0.0042960513,0.000534985,0.0014373558,0.00023079138,0.0019242497,0.00060772157,0.0005245261,0.0003469734,0.0005744008,0.0013344869,0.002539312,0.00030714294,0.0002666831,0.0017763521,0.00036920776,0.00051159255,0.0007582981,0.00028467586,0.0033478313,0.0012141769,0.0005687054,0.0076000234,0.025453102,0.043129075,0.012202186,0.005651031,0.012132949,0.0034886182,0.0014291881,0.006845627,0.0022922652,0.00092351466,0.0013386639,0.0008990566,0.000321767,0.0034736162,0.0013674465
c,0.0045389947,0.00033294546,0.0017313316,0.0008406251,0.0027395708,0.010739903,0.010350178,0.07076681,0.44623938,0.052823305,0.09504556,0.13805585,0.08911587,0.003696016,0.0030436164,0.0022089968,0.00076939113,0.0010199967,0.00034471677,0.00051950425,0.00015218153,0.001956248,6.044756e-05,0.00016152035,6.4677835e-05,0.00016282317,0.0010014017,0.0012946303,0.00014903626,6.633063e-05,0.001055067,9.529401e-05,4.85022e-05,0.00013768637,0.00013140468,0.001808655,0.00014364465,0.00015741486,0.004639478,0.020233018,0.009603284,0.0075277584,0.0013615931,0.002544162,0.0025645627,0.0006099435,0.0025100536,0.00065144774,0.0001499783,0.00039711103,0.0005066133,0.00011000799,0.001044251,0.00016232867
(,0.0013523569,3.560384e-05,0.00018912798,3.0194607e-05,0.00063911715,0.0001275498,0.00045813216,0.00016521668,0.03675858,0.0015938731,0.035316832,0.0103015965,0.68150073,0.011005469,0.062675886,0.0060836826,0.0062084487,0.03539089,0.0033931234,0.014015943,0.012477194,0.0014225688,0.0031342262,0.0010674723,0.001381063,0.0038447801,0.00049452635,0.0070171165,0.00069100724,0.0010460705,0.007630972,0.0003480166,0.00058397895,0.0059011374,0.004381129,0.006290397,0.00025128984,0.0027501262,0.0073581864,0.006643375,0.013219012,0.0033815019,3.0135547e-05,0.00020363613,0.00020447663,3.9283477e-05,0.0005374687,4.3007067e-06,3.7736224e-06,5.8223166e-05,2.993344e-05,2.851246e-06,0.00011507109,1.4479181e-06
C,8.055874e-06,8.831496e-09,1.115438e-07,3.2331584e-06,4.8226804e-07,1.4189516e-05,4.522969e-07,3.2156662e-05,7.381368e-06,0.009154895,0.00018498034,0.013577646,0.0018299369,0.91433525,0.015145983,0.011325306,0.020858554,0.0004622921,0.003467775,6.450623e-05,0.00053629436,0.00057934347,0.000104273175,0.0011834198,5.33358e-05,0.00012670748,0.00028748685,0.00013277298,0.00030212032,2.8040398e-05,0.00027098658,0.0006597776,0.002786357,0.00010394017,4.5401906e-05,0.00016446438,0.0008627201,6.152751e-05,0.00022155025,0.0009401606,2.2835044e-05,4.6374666e-05,1.3144081e-06,6.56309e-08,1.989367e-07,2.3522196e-08,1.2601313e-06,1.2035309e-07,3.7420028e-07,3.65004e-08,1.00334525e-07,5.381448e-09,6.3641164e-07,1.0351297e-07
N,0.00048566036,4.424687e-06,4.0034476e-05,1.6096471e-06,0.0003139525,3.1176903e-06,0.00014518067,5.316367e-05,0.00042669085,0.0003356417,0.0006961861,0.0035893486,0.14477351,0.007408172,0.21350135,0.0019373595,0.0015353269,0.05800724,0.11216801,0.009524268,0.11613072,0.011243873,0.0072137653,0.058548845,0.0052594333,0.00822017,0.008110189,0.0040973295,0.0032037345,0.004918076,0.007949622,0.00033859935,0.0007876422,0.04699895,0.064489655,0.010161767,0.0024394828,0.07263273,0.0061226953,0.0032338556,0.0014838357,0.00078407774,5.21814e-07,4.0620354e-05,3.45399e-05,2.9310568e-06,7.755192e-05,2.1330166e-07,2.063026e-07,3.0134883e-05,1.6328038e-05,5.997651e-07,4.472195e-05,5.854795e-07
C,0.0007918427,5.8986647e-05,0.00012759879,1.055382e-05,0.00044363545,2.0165315e-05,0.000115908595,4.1772942e-05,0.00066314085,0.00012320933,0.00042084054,0.001196095,0.05417529,0.0030362236,0.07245121,0.010975174,0.021331897,0.13941225,0.046519477,0.05055703,0.32776114,0.0023437382,0.03737533,0.010511881,0.034506932,0.045732923,0.0010906024,0.00925353,0.012814106,0.02852359,0.012659037,0.0030020797,0.0018857204,0.021426277,0.026637694,0.0032170287,0.0003830122,0.014068894,0.0016335129,0.00066193816,0.00065413426,0.00051588455,1.2173035e-05,8.607014e-05,0.00014973996,4.379057e-05,0.0001283474,3.415984e-06,4.109087e-06,7.9478225e-05,4.1327556e-05,7.1102268e-06,4.176514e-05,1.2321315e-06
(,0.00016742187,1.1468204e-06,4.537777e-05,4.390277e-07,0.00013422096,3.0671897e-06,5.0744562e-05,1.3338636e-05,8.945811e-05,7.195609e-05,0.00036954973,0.001024798,0.018834395,0.0004921154,0.02654575,0.0024367822,0.008356369,0.19845022,0.110782,0.025576195,0.531053,0.0064446377,0.00722564,0.0037985903,0.00952265,0.007118313,0.0009380322,0.0024310884,0.0027731815,0.005403815,0.005458667,0.00026389954,0.00011694083,0.0086654695,0.010156213,0.0014744262,3.2507457e-06,0.0011674544,0.0006831118,0.0011797587,0.00030351008,0.00017625639,2.2645304e-06,7.850692e-05,6.296854e-05,7.008006e-07,2.4306095e-05,9.0946145e-08,7.9606856e-08,7.870695e-06,2.4130966e-06,1.2828538e-08,1.9438858e-06,3.752951e-09
=,2.9925857e-05,9.359642e-07,1.1396985e-05,3.7106144e-08,2.02024e-05,1.5202625e-07,8.103444e-06,1.1199737e-06,1.390359e-05,1.5692503e-06,2.3173146e-05,0.000104757855,0.0074354727,2.0489664e-05,0.0031491835,0.00029816592,0.0006508088,0.07049707,0.25001085,0.016508788,0.5393497,0.010441202,0.00604317,0.01510688,0.011003015,0.0073047746,0.0027015076,0.00046722178,0.0028633978,0.013895956,0.0014577537,0.00080778904,0.000106542306,0.013753736,0.021371307,0.0004226161,7.845616e-06,0.0029507638,0.00015277775,0.00052290794,0.00020596241,2.583951e-05,9.872581e-07,0.00013054197,6.607008e-05,2.707659e-06,8.014155e-06,2.3163932e-07,5.404785e-08,1.1644003e-05,3.8954868e-06,7.133983e-08,9.586718e-07,1.0307089e-08
O,2.4498127e-05,3.3441054e-07,7.105184e-06,4.2746194e-07,1.303975e-05,5.323189e-07,1.778917e-06,1.202957e-06,7.142121e-06,1.1205085e-06,4.6720193e-06,0.00019321438,0.0077302963,0.00024024061,0.0052370215,0.001299765,0.0034499234,0.06646393,0.50228465,0.051246174,0.18729311,0.011311993,0.0140130585,0.04606769,0.008025392,0.011194672,0.0033488004,0.0015858037,0.008492921,0.007930247,0.0034579178,0.025292361,0.002409286,0.017697971,0.009986841,0.0008475722,0.00014422796,0.0018953104,0.00022797927,0.00036994898,4.6351463e-05,2.8213928e-05,4.2988027e-06,2.9783057e-05,3.2606917e-05,1.0405524e-06,6.1527376e-06,3.7461905e-06,8.0887503e-07,1.1563689e-05,4.9883297e-06,9.551582e-08,1.2667948e-06,3.2282585e-07
),1.0486827e-05,6.8902534e-07,5.3441977e-06,5.932597e-07,8.33183e-06,1.3303995e-07,5.809777e-07,2.8512577e-08,1.5553177e-07,4.3700005e-08,5.4194516e-07,3.366582e-06,0.00037521264,7.9100355e-05,0.0018079247,0.0005673414,0.0027972197,0.03990284,0.21772753,0.048435416,0.22752395,0.0018915737,0.144745,0.089758754,0.061202444,0.03309649,0.0010597585,0.0013441906,0.012064953,0.03708986,0.0020118104,0.022902181,0.0070431693,0.027293202,0.016317269,0.0003055557,0.00024701457,0.002251001,4.8493832e-05,4.84462e-06,4.013888e-06,4.5692996e-06,9.264071e-07,4.7223316e-06,7.601773e-06,4.509732e-07,2.9489265e-06,1.443205e-06,1.4524825e-06,1.2715929e-05,6.5093514e-06,3.1722698e-07,1.806093e-06,8.7089e-07
C,4.316516e-06,9.894055e-07,2.0951627e-06,1.461111e-07,9.0211745e-07,3.2306435e-08,1.4196353e-07,1.8853856e-07,1.0986031e-06,8.6705575e-07,1.2950412e-06,4.090338e-05,0.0012919235,7.242374e-05,0.0005307295,8.152704e-05,5.5814846e-05,0.0016649695,0.29105622,0.0028450445,0.010134217,0.01698792,0.006309578,0.6001999,0.0051398803,0.0041991365,0.016952146,0.000121276986,0.021020727,0.0027097226,0.00019889642,0.0037271893,0.00090958923,0.006192265,0.0041531175,0.00015221469,0.0004965142,0.0008377491,4.546903e-05,0.0017480642,5.1760442e-05,6.7732985e-06,3.0319305e-07,4.0653067e-06,6.23311e-06,2.9829457e-06,1.3508487e-06,9.848989e-07,2.6940174e-07,4.7617855e-06,6.945432e-06,1.5356704e-06,1.3352662e-06,1.234525e-06
N,6.2958155e-05,2.202203e-06,1.1816667e-05,5.0648443e-05,2.6788339e-05,4.6659312e-05,1.2420105e-05,6.182218e-06,3.793623e-06,1.1955605e-05,1.6921042e-05,0.00031412186,0.0007594482,0.00719512,0.0041327653,0.023713583,0.11422549,0.04769662,0.056728877,0.04845991,0.04153545,0.0020405222,0.0635898,0.01813745,0.03287362,0.030414835,0.0014469064,0.0030530961,0.010429558,0.044244412,0.0041738935,0.3126944,0.099222414,0.011974125,0.003849704,0.0007023346,0.010581817,0.0036006235,0.0002711717,3.6237016e-05,4.3891978e-05,4.020052e-05,0.00033067638,7.656386e-05,5.2641146e-05,6.8526133e-06,2.2689634e-05,0.00040215423,0.00030472735,5.8456895e-05,2.8933682e-05,4.051916e-06,1.4596103e-05,0.00012389355
c,0.00024218937,7.52493e-05,8.8275294e-05,5.089773e-05,0.00019239742,1.5613274e-05,3.112449e-05,9.632024e-07,2.3056025e-05,1.0770041e-05,0.00026175793,6.560544e-05,0.003761807,0.00088326493,0.0065063485,0.004408665,0.02098293,0.08507556,0.009930041,0.11741726,0.12799923,0.00061760884,0.22857414,0.0066474713,0.058040895,0.070862435,0.00033082787,0.008654471,0.012199933,0.03484854,0.008561367,0.022758232,0.040951416,0.040252343,0.06906167,0.002181466,0.0027738488,0.011732894,0.0008934057,0.000100563695,0.0003422733,0.00019278385,4.8421087e-05,5.307715e-05,4.9714607e-05,2.7163449e-05,9.060435e-05,2.9224817e-05,0.00011407766,0.00017403286,7.579299e-05,5.2781554e-05,0.00012011543,5.6404886e-05
2,3.2882378e-06,6.383149e-07,2.166522e-06,1.4744928e-07,1.044286e-06,3.3294935e-08,1.0435777e-07,5.286738e-08,5.070322e-07,5.181251e-08,1.16000464e-07,1.0316233e-05,0.0011492232,2.7719743e-05,0.0002668413,5.80165e-05,8.9662455e-05,0.0017398976,0.19986853,0.011867635,0.021924851,0.006147276,0.01967148,0.6283055,0.023867637,0.028099226,0.009686382,0.00035307807,0.015098455,0.020118423,0.00037801883,0.0037662573,0.00046670815,0.0023458106,0.0035361724,7.3770156e-05,0.00024068693,0.0007779282,1.9447036e-05,1.1524954e-05,2.1087915e-06,1.3614135e-06,6.131075e-08,5.694283e-07,1.5689797e-06,2.7286472e-07,3.653448e-07,3.1830433e-07,9.4784866e-08,1.4340623e-06,2.910299e-06,3.62211e-07,6.214024e-07,9.574385e-07
c,1.1427872e-05,3.4441932e-06,1.148521e-05,3.3944098e-06,5.2990436e-06,4.0616877e-07,4.9793414e-07,2.216387e-08,1.6386696e-07,7.797889e-08,3.804444e-07,2.070784e-06,0.00027831402,0.00016710334,0.00060945837,0.0002433109,0.0017024403,0.0051789726,0.03350014,0.03604219,0.062265854,0.0007170091,0.19352107,0.11519679,0.23898575,0.09387313,0.00111354,0.0018416039,0.008591656,0.13783464,0.0016329717,0.012036754,0.012843085,0.009620794,0.026495395,0.00024366085,0.0018254097,0.0034415177,5.4521253e-05,3.287809e-07,1.5589816e-06,2.9829473e-06,3.8709797e-07,4.4952995e-07,3.9453575e-06,4.0093056e-07,2.0626535e-06,1.0428327e-06,3.5457983e-06,6.2350164e-06,2.1624826e-05,3.2065896e-06,6.940615e-06,1.0572612e-05
c,2.5877807e-06,3.6694735e-05,6.6338566e-07,3.1977763e-07,2.5177312e-07,4.3279595e-08,7.520813e-08,3.15122e-08,1.2559111e-06,1.7443383e-06,7.4264117e-06,1.3755461e-05,0.00024118538,1.5730382e-05,2.9039305e-05,0.00010432751,4.6180754e-05,0.00025497843,0.011743783,0.00126633,0.0011152991,0.0025456126,0.026755208,0.7599774,0.0075632897,0.033965692,0.0070684757,8.712867e-05,0.14322609,0.0019032158,4.088884e-05,0.00014075157,6.712427e-05,0.00017492444,0.00020192597,1.0492753e-05,3.8643208e-05,4.21197e-05,5.1490188e-06,0.0012662322,1.3171735e-05,2.412307e-06,1.0389981e-07,8.97941e-07,1.5730022e-07,1.22233505e-05,5.6510333e-07,8.608078e-08,4.215584e-08,3.0224416e-07,1.4261354e-07,4.0308137e-06,6.0945575e-07,5.868747e-07
(,2.0428039e-05,1.120103e-05,7.709037e-06,1.2287942e-06,2.440221e-06,4.3253166e-07,7.490702e-07,4.2712736e-07,4.323042e-06,1.6756765e-06,3.5794462e-06,7.5126656e-05,0.0033020847,0.00014190258,0.0004318032,0.0002665438,0.0006574309,0.0038972243,0.07805436,0.022500029,0.038956508,0.005955964,0.070281886,0.3726698,0.09590692,0.12791601,0.011141302,0.0016098619,0.04648469,0.07841902,0.0016611456,0.010504559,0.0033679337,0.0052105286,0.01723353,0.00028475243,0.0009904451,0.0017610128,9.928509e-05,3.2317057e-05,1.0457599e-05,9.66906e-06,7.482798e-07,2.3023463e-06,7.883329e-06,5.7629754e-06,4.3908817e-06,2.0322457e-06,1.5572705e-06,6.20252e-06,1.5624706e-05,1.0487941e-05,7.626087e-06,5.2142063e-06
F,0.0004565398,0.00035414557,0.0007934168,0.00028059003,0.0007470444,4.3108288e-05,7.7196564e-05,1.5660125e-06,2.3662202e-05,9.647293e-06,0.00019210369,3.1475836e-05,0.0019769587,0.00064107054,0.004744703,0.0020712875,0.014071408,0.048373405,0.0070676925,0.10833213,0.109810725,0.00046559263,0.24759118,0.005499416,0.09464286,0.061965186,0.0002711011,0.0127151245,0.0075288597,0.03607177,0.010718536,0.014029674,0.042620897,0.03996262,0.1075446,0.0029992207,0.0018674873,0.008306716,0.0010847505,2.9613033e-05,0.00018742056,0.00026331382,5.5499135e-05,4.517718e-05,0.00012425521,2.6016733e-05,0.00017118805,3.815924e-05,0.00034997758,0.0004740255,0.0004665569,0.00017164808,0.00042383978,0.00017697943
),0.0014203163,0.0016716914,0.0017606824,5.0741026e-05,0.0007248658,2.7234622e-05,0.00016447785,5.5389966e-05,0.003459126,3.414336e-05,0.00040808832,0.0004928664,0.109672196,0.00014485313,0.003068072,0.00021214139,0.00040558557,0.0102736605,0.067867234,0.048391454,0.20764942,0.017638596,0.026781997,0.06375549,0.024326723,0.06297188,0.014583979,0.0096129775,0.018399626,0.02453593,0.013342545,0.0056471857,0.002516324,0.026028737,0.19036192,0.0059337667,0.0005335782,0.012248392,0.003397901,0.0017449077,0.0012265923,0.0012063753,5.9021444e-05,0.00044683416,0.0022735922,0.0012297101,0.00093000475,7.185796e-05,7.128224e-05,0.0013361942,0.002963469,0.0013751267,0.0009714727,5.9926937e-05
c,0.00023261478,9.797498e-05,4.4477612e-05,0.00042656114,2.2011107e-05,0.0005667302,2.2963313e-05,7.2845076e-05,9.080599e-05,0.0006673843,0.0003228779,0.009866249,0.005614805,0.022512043,0.0014067366,0.019129332,0.0893033,0.0052165086,0.01962629,0.050854746,0.010365985,0.0063131526,0.06104781,0.106346026,0.1298601,0.1733572,0.013584286,0.010823246,0.025733469,0.11028564,0.0065014157,0.05915501,0.037080515,0.0011578293,0.004710029,0.0009298232,0.01298621,0.0013220815,0.00066787266,2.0326584e-05,2.5007635e-05,9.360623e-05,0.00011071912,7.551836e-06,2.5046707e-05,3.2744447e-05,4.97975e-05,0.00014301928,0.00019432505,9.690269e-06,4.0780396e-05,8.4740925e-05,8.9758214e-05,0.00053434604
c,0.00011398445,0.00053670775,3.2682638e-05,1.4562968e-05,1.4581995e-05,4.118528e-06,6.4219266e-06,3.4390985e-06,4.8525784e-05,9.1453265e-05,0.00030203405,0.00027433573,0.0022501783,0.0001932921,0.00043691057,0.0009081186,0.0008128582,0.003958932,0.03272164,0.009834411,0.014017575,0.010571195,0.08233154,0.37671557,0.025399785,0.08127749,0.014095139,0.0016458314,0.30488828,0.0076496713,0.0011086629,0.001752382,0.0013592376,0.0028476361,0.005042434,0.00043049883,0.00030704826,0.00060441095,0.00023160515,0.013763498,0.00032300627,0.00015079467,1.505995e-05,4.9054215e-05,2.3381654e-05,0.0003986806,5.6081863e-05,8.459201e-06,7.4772606e-06,2.8447857e-05,1.691299e-05,0.00014039472,4.4634566e-05,1.503369e-05
(,0.0010753268,0.00044537362,0.0007200999,3.5710425e-05,0.00046210765,3.1313888e-05,0.0001325598,4.792484e-05,0.0019498729,3.6735655e-05,0.000387289,0.00048986287,0.07821458,0.000273066,0.0043939096,0.00043984916,0.0012100998,0.019023689,0.06693822,0.051102497,0.29828587,0.012705577,0.021661252,0.025877228,0.014760671,0.043061092,0.0072861686,0.009834806,0.011627876,0.018041238,0.018297479,0.012135626,0.0056866426,0.036928035,0.19280037,0.00802167,0.00068188674,0.015117961,0.0043071937,0.0017339756,0.001196723,0.0013884286,0.00014748122,0.0006485947,0.002680532,0.00096828345,0.0010993383,0.00010078844,9.1541e-05,0.00096820726,0.0014004844,0.00040270473,0.00053568836,2.9630346e-05
[,1.5330243e-05,6.0713323e-06,5.0961913e-05,7.597912e-08,8.187162e-06,3.5238244e-08,1.0732196e-06,6.597059e-08,1.0529213e-06,5.726608e-08,1.0642485e-06,1.4437107e-06,0.00047960246,6.9980405e-07,0.00016346139,5.935318e-06,3.1563282e-05,0.009628967,0.115322486,0.017116679,0.37315664,0.005389853,0.0055590705,0.009313532,0.014640364,0.0028285051,0.0012053199,0.00026924114,0.0015756949,0.013379473,0.0010547341,0.0036994296,0.0010640299,0.067424685,0.34591022,0.0009292952,3.0186275e-05,0.007114484,0.00018834962,0.00019111493,0.00024247573,2.4742289e-05,3.7752768e-06,0.0001263918,0.0010732766,4.607895e-05,2.0759311e-05,3.7505802e-06,2.115962e-06,0.0001578013,0.00031274665,9.157967e-06,6.5482113e-06,3.4220116e-07
N,1.4636551e-05,2.0324404e-05,4.379646e-05,5.0331714e-08,5.7409734e-06,1.19311165e-08,1.2788886e-06,5.697459e-08,2.0344019e-06,3.4795466e-08,7.6479256e-07,7.919767e-07,0.000639006,2.2907439e-07,6.648537e-05,9.1807664e-07,1.6235699e-06,0.0015374306,0.029544184,0.0046549835,0.0461172,0.0038960944,0.0021739549,0.015188236,0.006587249,0.0013831427,0.0023179543,0.00012391643,0.00073784066,0.009340974,0.0004388029,0.0017000975,0.00084628223,0.09174449,0.7351573,0.0011878932,0.00053736934,0.038869575,0.00028468316,0.00019660154,0.0005469822,2.6324695e-05,1.123542e-06,0.000120110555,0.0010220963,0.00021929914,2.8587232e-05,6.2487106e-06,2.1370936e-06,0.00032177652,0.00097272533,0.0001684937,2.6483813e-05,5.1009583e-06
+,8.583196e-05,1.9465302e-05,0.00015619934,7.681782e-06,4.4091506e-05,1.2127078e-06,4.984169e-06,8.9333804e-07,1.0731856e-05,6.539105e-07,4.0297423e-06,1.955435e-05,0.0030503396,8.202689e-05,0.001404661,0.00015002518,0.0003027127,0.011584866,0.101568386,0.04017069,0.040949117,0.008940075,0.017147405,0.048638556,0.015311902,0.006138122,0.004890373,0.0026958254,0.00564348,0.014858841,0.005932144,0.107416354,0.048892897,0.2011221,0.2404527,0.008894769,0.01750751,0.037615374,0.002069004,0.000562041,0.0005481129,0.00020748806,3.7623366e-05,0.00014279832,0.0010613479,9.5447875e-05,0.00013537587,0.00021565317,8.550146e-05,0.0004948299,0.0009639057,9.5597454e-05,9.7431825e-05,0.00019997271
],4.3188582e-05,2.391207e-06,1.2287212e-05,0.00012651531,1.1850194e-05,2.888893e-05,6.4118226e-06,5.1450525e-06,1.953762e-06,5.3831085e-05,2.3765539e-05,0.000292207,0.0003209206,0.012464085,0.0018266595,0.0027917654,0.007540981,0.0031183462,0.004173361,0.004765724,0.0007342917,0.0008642352,0.006717867,0.0069596632,0.002789885,0.0018818995,0.0010477855,0.0019335053,0.0015095328,0.002592158,0.002667568,0.1252575,0.3775906,0.017982867,0.0084948065,0.0036452883,0.38565347,0.008233157,0.0015678324,0.000102157646,9.404168e-05,0.00012862215,8.511886e-05,1.0900514e-05,1.9799762e-05,3.8605212e-06,4.379083e-05,0.00034713527,0.0004981081,3.718309e-05,4.9351373e-05,1.5887254e-05,8.420305e-05,0.002455641
(,0.0026900412,0.0016071113,0.0017381583,0.00012387508,0.0008760952,8.329307e-05,0.0003819877,0.00014625395,0.012134123,0.0001747571,0.002059903,0.00088985934,0.16321595,0.00042739144,0.00462177,0.00027284503,0.00044963614,0.009280993,0.017535744,0.0316259,0.058067072,0.010348206,0.009946747,0.0149889,0.0051016696,0.0161962,0.006750205,0.012646903,0.0062554404,0.004996067,0.020523844,0.0070238197,0.009290632,0.06170568,0.35054672,0.03128733,0.0043026544,0.032439776,0.019337881,0.008779978,0.0068317023,0.0072234785,0.000407264,0.0016193439,0.009440399,0.006263947,0.0061288555,0.00034110819,0.00032461618,0.0028222783,0.004891698,0.0028552336,0.0030207576,0.00022181869
=,7.570399e-05,8.759449e-07,0.0003125005,3.861376e-06,9.816361e-05,1.1254244e-06,1.484588e-05,1.092529e-06,9.209436e-07,3.6185718e-06,3.8728604e-06,4.238555e-06,0.00021132987,4.9360093e-05,0.0013499943,3.2179703e-06,3.3990076e-05,0.0024788778,0.003256508,0.0023143063,0.013412412,0.0005469417,0.00053067226,0.00025559647,0.00079291675,9.105165e-05,0.000101214384,0.00082825276,2.4259503e-05,0.00028634394,0.0028939454,0.0004772463,0.007425745,0.093470454,0.82246554,0.020024203,0.0011262608,0.016230164,0.005043738,2.3323728e-05,7.17736e-05,0.00026869282,2.2262227e-06,7.850224e-06,0.00068705506,4.3330343e-07,8.5059e-05,1.717408e-06,1.5907495e-05,0.0001917302,0.0015740546,2.2922186e-06,0.00014547196,5.313774e-06
O,0.00066148204,5.7915866e-05,0.0005025459,5.3282543e-05,0.00019478831,6.66874e-05,8.861249e-05,4.8206777e-05,0.00011484557,0.00021677272,0.00016772359,0.00031766057,0.0053136605,0.0014563055,0.0063479915,0.0008849419,0.008117919,0.02331104,0.00785216,0.02053414,0.12773344,0.0013639414,0.0078051803,0.00074699166,0.0119309295,0.0065463097,0.0003743288,0.0076880795,0.001486008,0.008273397,0.020942751,0.016931266,0.053780966,0.070106655,0.52201515,0.020541994,0.0034403305,0.024477217,0.0086354,0.00029873964,0.0004295636,0.0014034581,0.00021889876,0.00010166423,0.0027899402,0.00010692714,0.00067961944,5.28433e-05,0.00023057,0.0002908902,0.0010659492,7.7756515e-05,0.00030569592,1.8316488e-05
),0.007203038,0.0024915922,0.0042029745,0.0004830319,0.0025021052,0.0005893708,0.0018131878,0.0012548699,0.053124487,0.0024482533,0.015809644,0.004691399,0.23783638,0.0015177589,0.008349801,0.00049199065,0.0008064387,0.008513268,0.0066669136,0.017135499,0.030039648,0.008089561,0.0044823573,0.0040406757,0.0025319818,0.0075417114,0.0042455965,0.014797335,0.0033571152,0.0021817256,0.022884088,0.00337562,0.0076064356,0.034195643,0.21643619,0.044060998,0.0036155416,0.020924242,0.040881734,0.022898057,0.017623741,0.021926709,0.0011748294,0.0025789246,0.017025141,0.0071765026,0.013809333,0.00059325696,0.0009152049,0.0047127916,0.010351489,0.0043241982,0.008454739,0.0003662316
[,0.00028791925,2.5782518e-05,2.9588653e-05,0.0017962289,2.7012347e-05,0.014039057,0.0001586303,0.0077140997,0.0039212694,0.31327972,0.034457695,0.41857103,0.0043687224,0.13725673,0.0008845714,0.017109575,0.0314916,0.00022942055,3.3116998e-05,0.000348735,1.0689426e-05,0.00017725202,5.374691e-05,6.159481e-05,6.809795e-05,0.00016781253,0.00017863099,0.0012877282,6.940875e-05,3.564124e-05,0.00076121493,0.00056176935,0.0022550966,2.7462102e-05,5.330577e-05,0.0008978242,0.0030181867,3.565562e-05,0.0018139454,0.00035219238,0.00014682187,0.000820197,0.00042524343,7.4554005e-06,1.2967441e-05,1.3862607e-05,0.00013669592,7.931719e-05,0.00012021706,1.2615603e-06,2.9944501e-06,5.3788776e-06,5.9510796e-05,0.00017945998
O,0.00041882956,0.00071745744,6.991562e-05,6.7637935e-05,4.5170375e-05,8.17547e-05,0.00011811305,0.0022690955,0.018112136,0.104646556,0.06744937,0.02366937,0.0051537706,0.00041651732,0.00025812312,0.0001476088,1.8921242e-05,5.2835312e-05,3.438889e-05,2.16809e-05,4.8223565e-06,0.00036143782,3.0188172e-05,0.00033329203,6.1948576e-06,3.151927e-05,0.00031042093,0.00012818958,0.00096956984,8.48123e-07,6.532695e-05,2.652864e-06,1.4638099e-05,4.8257032e-05,5.7113506e-05,0.00043933207,5.1589486e-05,1.28361535e-05,0.0007293488,0.76462626,0.0036219866,0.0026306722,2.3723955e-05,5.693225e-05,3.6460693e-05,0.00078312884,0.00035607864,6.1687997e-06,5.6246467e-06,1.9490206e-05,1.2390785e-05,0.0001278325,0.00015807142,1.39890335e-05
-,0.018105121,0.023398709,0.023469463,0.0023305817,0.011031006,0.0038096805,0.011156254,0.0094052125,0.21346092,0.0036585229,0.02559177,0.0042215944,0.08871273,0.0005481429,0.0030152565,0.00039566096,0.00046254016,0.0032599927,0.0038513914,0.006907263,0.014074093,0.0075752772,0.002317927,0.0025264279,0.001931667,0.0042799693,0.0045703673,0.008796558,0.0027494533,0.0015826591,0.010418929,0.00091255666,0.0009870289,0.006968364,0.028645625,0.015586629,0.00037925324,0.003554323,0.016303852,0.015526084,0.014093918,0.025910348,0.0065070167,0.017763168,0.09091163,0.06304965,0.047377046,0.003033803,0.0032370659,0.020409532,0.038543005,0.02264631,0.019317104,0.0007052175
],0.0001592839,0.002959718,0.0022441423,1.0665068e-05,0.00022124957,1.6327756e-05,0.00046870086,0.000106285006,0.0001832192,8.71512e-07,5.0097983e-06,3.7805574e-07,4.369357e-06,1.0653057e-08,7.678446e-07,6.385376e-08,6.595311e-08,8.801145e-06,8.7061824e-05,2.3012284e-05,0.00018289771,0.00016765129,7.3352735e-06,3.2270495e-05,3.8446073e-05,6.4844226e-06,8.941573e-05,4.754527e-06,1.0444095e-05,4.216298e-05,7.943161e-06,2.1917751e-06,6.766544e-07,0.00011500657,0.00035884176,4.9711558e-05,4.62216e-07,5.463695e-05,2.4803743e-05,7.137822e-05,0.00032732045,9.222689e-05,0.0020969536,0.0655504,0.5320425,0.28379902,0.0025054228,0.0025332135,0.00051383796,0.027975598,0.056811735,0.014407624,0.00035896085,4.555103e-05
),0.0011293432,0.0038554466,0.026048226,0.0038351156,0.004251305,0.003160691,0.00200225,0.0012487763,0.0009956569,8.831067e-06,2.0761474e-05,7.53676e-06,2.5999952e-05,3.4520845e-06,1.762758e-05,1.331826e-05,2.8626415e-05,0.00010175811,0.0004896226,0.0005592183,0.0003859399,0.00046140086,6.8662426e-05,8.3897336e-05,0.00011788667,4.039498e-05,0.0001577749,0.00022558215,5.7163386e-05,7.3477124e-05,0.00023167096,0.00021154883,5.3095566e-05,0.00026162335,0.0001882028,0.0005599911,6.635e-06,4.446517e-05,0.0002531983,0.000106324536,0.0002066821,0.00089345354,0.08152019,0.05778506,0.5693423,0.04691807,0.010989721,0.060832527,0.021397486,0.03380639,0.05527354,0.0038440942,0.0012195024,0.0014330336
c,1.0379384e-05,0.0063533983,2.467605e-05,0.000110246794,4.7719786e-06,3.4616132e-05,9.318548e-06,1.7374698e-06,2.1258276e-05,7.317459e-07,4.526899e-06,2.0105835e-08,9.535501e-08,5.3441074e-08,3.0829785e-08,1.7640964e-07,1.1966998e-07,1.1657363e-07,3.1310165e-07,1.8534646e-06,7.079174e-07,1.7633539e-06,4.3510813e-06,3.6762244e-06,2.415212e-06,3.4985735e-06,2.8467543e-06,6.1047194e-07,6.2737545e-06,2.1352682e-06,3.3157028e-07,1.1128569e-06,1.4842799e-06,1.231999e-06,1.2232767e-06,1.2541503e-06,2.1363091e-06,2.0326006e-06,1.3771967e-06,2.0574616e-05,9.388585e-05,1.4194894e-05,0.0058250483,0.0019824354,0.002117026,0.90276664,0.00034877553,0.004173642,0.0021930805,0.00063538377,0.000515927,0.071695834,9.0327114e-05,0.00073081505
2,0.00014844204,0.0006950477,0.009672891,0.0003864856,0.000419897,0.0002252991,0.00053545675,5.318213e-05,5.7168672e-05,1.1422864e-06,1.2050259e-05,1.5375504e-07,9.98182e-07,2.1502629e-07,1.2523828e-06,4.5381404e-07,7.3494573e-07,7.5569205e-06,1.5886224e-05,1.1561641e-05,1.3017649e-05,2.9246003e-05,8.332622e-06,3.6798524e-06,2.4469344e-05,8.7146714e-07,9.234576e-06,1.07869055e-05,2.5215584e-06,9.282264e-06,1.4459606e-05,1.4177539e-05,1.3424241e-05,0.00011463624,5.184573e-05,0.00010073328,1.3338235e-06,4.8129905e-06,4.3159765e-05,1.7307038e-05,0.00018126995,0.00020540811,0.0150109,0.020487366,0.68202865,0.021965263,0.008482962,0.023441091,0.014410367,0.03305013,0.16053826,0.0047173905,0.0014084715,0.00046929825
),0.002598595,0.030149026,0.00682201,0.00068967545,0.0017134617,0.0010374321,0.0024336728,0.0013704726,0.037508134,8.0029306e-05,0.0008663908,3.8821112e-05,0.0013378348,3.9833035e-06,2.4183279e-05,5.3404056e-06,5.8193054e-06,4.505523e-05,0.00013262006,0.00030054685,0.00067178014,0.0004942892,9.973514e-05,0.00013765156,0.000119857956,0.00023345751,0.00038670705,0.00033516643,0.00013949748,0.00014411307,0.00035692795,4.1045398e-05,2.4441943e-05,0.00021881238,0.0010899056,0.0006717548,1.1982978e-05,0.00018375854,0.00070286973,0.0005265233,0.0014517247,0.0026812225,0.009299576,0.021096366,0.16221787,0.4931888,0.028879894,0.0065356498,0.0038419585,0.01983459,0.0476029,0.0952409,0.0077917003,0.00049510464
c,0.00013079187,0.0044784704,0.012985997,2.561087e-05,0.0008043304,1.1428347e-05,0.00033429323,1.6848782e-05,3.806006e-05,1.1792435e-07,2.040982e-06,2.7611664e-08,8.3443524e-07,1.3140754e-09,2.8645658e-07,6.448594e-09,1.5061962e-08,4.228287e-06,3.2359305e-05,2.1422124e-05,0.0001646824,4.2096442e-05,5.6086524e-06,5.6648328e-06,2.9216804e-05,2.0279301e-06,1.2308144e-05,3.5082253e-06,2.7967346e-06,1.690444e-05,4.6644727e-06,4.9313303e-07,2.4246816e-07,5.0547387e-05,0.00026405707,2.1916147e-05,2.0586084e-08,1.0560888e-05,1.0383046e-05,1.1670512e-05,0.00016741293,5.473702e-05,0.0006982465,0.014055573,0.36881554,0.037145324,0.0013402458,0.0013246031,0.001329927,0.08919708,0.430601,0.027228696,0.0010417316,5.5943394e-05
(,2.722567e-05,0.015500639,0.0055254237,6.2516283e-06,0.0002462088,6.85637e-07,7.4332704e-05,1.411872e-06,8.473794e-06,4.4468615e-09,1.6007847e-07,2.3942575e-09,2.6777718e-07,7.465629e-11,3.0601143e-08,4.8097426e-10,3.5111455e-10,3.2659304e-07,1.7194676e-05,5.101462e-06,2.6153397e-05,3.1571428e-05,3.5463192e-06,2.788024e-05,2.5316562e-05,1.9031058e-06,3.5059347e-05,5.173619e-07,2.0862894e-06,2.7019596e-05,5.457416e-07,2.1270694e-07,5.978514e-08,2.1772104e-05,0.00015291877,2.8504312e-06,6.597585e-08,1.7747247e-05,1.5107502e-06,2.5047889e-06,8.1496146e-05,5.7788843e-06,3.7395155e-05,0.0042741243,0.044249043,0.053103004,0.00019566063,0.00073095225,0.00036017504,0.06933782,0.43298715,0.3514455,0.00093990663,0.00046436238
O,0.00025433116,0.011251612,0.024255414,0.0013516234,0.0026582081,0.0001065172,0.00031865505,3.1103245e-05,8.6617445e-05,9.410293e-08,1.0805496e-06,1.3046969e-07,4.483981e-06,6.546178e-08,1.4113106e-06,1.4072282e-07,1.5672825e-07,4.542755e-06,0.00012190555,0.00010554594,5.4783e-05,0.00011329995,4.680541e-05,0.00014552663,8.916836e-05,1.7519187e-05,0.00011125771,3.053929e-05,2.0784835e-05,7.366538e-05,2.0615436e-05,3.4029392e-05,7.8763815e-06,7.6002616e-05,9.8014505e-05,4.3050302e-05,3.4466245e-06,2.6897242e-05,2.1657479e-05,4.741202e-06,6.3201136e-05,6.768534e-05,0.0011944233,0.003339327,0.04586741,0.013039271,0.001181371,0.026494589,0.017523246,0.10826221,0.5418955,0.15395948,0.004903851,0.020063745
C,3.177767e-06,0.03973115,0.00011209303,0.00017511765,1.1710856e-05,3.1518018e-06,2.7397514e-06,5.4263005e-08,1.6473041e-06,1.3883177e-08,2.863721e-07,4.9995474e-10,1.7046434e-08,3.0300567e-09,6.264625e-09,4.533176e-09,2.1171933e-09,9.004968e-09,1.2841451e-07,7.2919806e-07,1.2668782e-07,5.0092865e-07,5.3787103e-06,1.0482427e-05,3.829414e-06,2.6791524e-06,2.2625477e-06,1.6408107e-07,2.1267747e-06,2.36507e-06,4.3724224e-08,1.14325715e-07,2.1696843e-07,3.2202288e-07,5.542978e-07,1.1370278e-07,6.540436e-07,7.8801435e-07,1.3199997e-07,5.6164896e-07,1.7801849e-05,1.1263235e-06,4.1870648e-05,5.3895474e-05,7.382413e-05,0.043643456,2.1486094e-05,0.00049911643,0.0010447841,0.0011673635,0.0032781276,0.8995941,0.00031572202,0.009301604
),3.64891e-05,0.0069173877,0.04091388,0.0016042216,0.001250542,4.364396e-05,0.00014737874,1.317956e-06,2.8064528e-06,3.169863e-08,6.63303e-07,2.6293012e-09,9.397378e-08,2.51541e-08,2.4011652e-07,1.2753726e-08,1.8426451e-08,3.01885e-07,3.8526296e-06,3.5490325e-06,2.0821626e-06,6.190614e-06,7.188151e-06,6.4494543e-06,2.4112853e-05,6.7772464e-07,6.14586e-06,2.280627e-06,4.4245888e-07,8.306875e-06,1.5887762e-06,1.597939e-06,3.2148535e-06,1.8858002e-05,2.187066e-05,7.253855e-06,8.110791e-07,2.905284e-06,4.3961163e-06,3.4818166e-07,3.6418696e-05,1.5815736e-05,0.00016284754,0.00038931542,0.011369117,0.0010545757,0.00039881482,0.0030366082,0.011660904,0.041141514,0.75008774,0.10297348,0.0060399184,0.014871241
c,0.0020094868,0.10700234,0.030896485,0.0026778253,0.0067320587,0.0005152797,0.0019080751,0.00021764221,0.0063630776,1.7717733e-05,0.00029738832,8.317934e-06,0.0006356026,2.6124665e-06,2.623368e-05,1.4104991e-06,1.5146278e-06,2.107431e-05,0.000125112,0.00035656153,0.00039096718,0.00031441846,0.00027833175,0.00045313363,0.00031895677,0.00039319196,0.000454601,0.00032224864,0.00011640587,0.00024487684,0.00019495912,1.8096744e-05,2.1787844e-05,0.00016721761,0.0013069435,0.0002744124,1.5404112e-05,0.00018962493,0.0003105961,7.0409136e-05,0.0006505102,0.0008454194,0.0004398704,0.0015005103,0.012799271,0.02924307,0.004803428,0.001820789,0.004532942,0.035769697,0.20589846,0.47046673,0.032313693,0.00631061
1,0.00026042922,0.02081278,0.45595193,0.001309797,0.03539946,3.4969446e-05,0.0010891636,1.0258551e-05,6.9764624e-06,1.5395105e-07,7.7501096e-07,1.8962188e-08,7.51853e-07,2.4332426e-08,3.7060192e-06,7.1644326e-09,2.3714879e-08,3.0490642e-06,5.029855e-05,3.611619e-05,0.0001514346,3.758134e-05,2.4588737e-05,3.312199e-05,8.063328e-05,5.930691e-06,2.43092e-05,2.001013e-05,1.2269408e-06,1.746953e-05,1.4577712e-05,1.7410652e-07,7.7132415e-07,9.0535315e-05,0.0008930528,5.63655e-05,1.4377005e-07,3.3178323e-05,2.734038e-05,5.4631994e-07,1.6649983e-05,4.8599788e-05,7.440463e-06,0.0001691411,0.0052345656,5.9786573e-05,0.00020122288,2.2708075e-05,0.00039527766,0.03418149,0.41020355,0.008423652,0.004878963,0.00061848335
