,input,answer,predict,judge
0,COc1c(CNC(CNc2cc([N+]([O-])=O)cc(F)c2)=O)c(OC)cc(OC)c1,COc1cc(OC)c(CNC(=O)CNc2cc(F)cc([N+](=O)[O-])c2)c(OC)c1,COc1cc(OC)c(CNC(=O)CNc2cc(F)cc([N+](=O)[O-])c2)c(OC)c1,True
1,c1ccc([C@@H](C(=O)N2C[C@H]3COC[C@H]([C@H]3NC(=O)c3cccc(Cl)c3OC)C2)[C@H](C)CC)cc1,CC[C@@H](C)[C@H](C(=O)N1C[C@@H]2COC[C@H](C1)[C@@H]2NC(=O)c1cccc(Cl)c1OC)c1ccccc1,CC[C@@H](C)[C@H](C(=O)N1C[C@@H]2COC[C@H](C1)[C@@H]2NC(=O)c1cccc(Cl)c1OC)c1ccccc1,True
2,[C@@H]1(c2cnccc2)N(C(c2nc(C)oc2C(F)(F)F)=O)CC[C@H]1CNC(=O)c1c2c(ccc1)cco2,Cc1nc(C(=O)N2CC[C@@H](CNC(=O)c3cccc4ccoc34)[C@@H]2c2cccnc2)c(C(F)(F)F)o1,Cc1nc(C(=O)N2CC[C@@H](CNC(=O)c3cccc4ccoc34)[C@@H]2c2cccnc2)c(C(F)(F)F)o1,True
3,C(C(=O)N1[C@@](CCC)(CO)CCC1)(N1C[C@H]2[C@H]([C@@H](N)CCC2)C1)=O,CCC[C@]1(CO)CCCN1C(=O)C(=O)N1C[C@H]2[C@@H](N)CCC[C@H]2C1,CCC[C@]1(CO)CCCN1C(=O)C(=O)N1C[C@@H]2CCC[C@H](N)[C@H]2C1,False
4,O(C)c1ccc(Cl)cc1-n1cc(S(NCCCCN(c2ccccc2)C)(=O)=O)cn1,COc1ccc(Cl)cc1-n1cc(S(=O)(=O)NCCCCN(C)c2ccccc2)cn1,COc1ccc(Cl)cc1-n1cc(S(=O)(=O)NCCCCN(C)c2ccccc2)cn1,True
5,C(=O)(COc1c(C)cccc1C)NCc1ccnc(OC)n1,COc1nccc(CNC(=O)COc2c(C)cccc2C)n1,COc1nccc(CNC(=O)COc2c(C)cccc2C)n1,True
6,n1cnn(CCF)c1CN1CCn2ncnc2C1,FCCn1ncnc1CN1CCn2ncnc2C1,FCCn1ncnc1CN1CCn2ncnc2C1,True
7,OC(=O)c1c(N)c(OC)ccc1Br,COc1ccc(Br)c(C(=O)O)c1N,COc1ccc(Br)c(C(=O)O)c1N,True
8,c1c(C(O[C@@H](C(=O)N[C@H]2CS(=O)(=O)CC2)C(C)C)=O)c2ccccc2nc1-c1ccccc1,CC(C)[C@@H](OC(=O)c1cc(-c2ccccc2)nc2ccccc12)C(=O)N[C@@H]1CCS(=O)(=O)C1,CC(C)[C@@H](OC(=O)c1cc(-c2ccccc2)nc2ccccc12)C(=O)N[C@@H]1CCS(=O)(=O)C1,True
9,N(C(=O)c1n2c(nccc2)nc1)C[C@@]12CCCO[C@@H]1CCN(C([C@@]1(F)CCCCC1(F)F)=O)C2,O=C(NC[C@@]12CCCO[C@@H]1CCN(C(=O)[C@@]1(F)CCCCC1(F)F)C2)c1cnc2ncccn12,O=C(NC[C@@]12CCCO[C@@H]1CCN(C(=O)[C@@]1(F)CCCCC1(F)F)C2)c1cnc2ncccn12,True
10,FC(F)Sc1ccc(NS(c2cccc(F)c2C)(=O)=O)cc1,Cc1c(F)cccc1S(=O)(=O)Nc1ccc(SC(F)F)cc1,Cc1c(F)cccc1S(=O)(=O)Nc1ccc(SC(F)F)cc1,True
11,O=C([C@@]1(NC(OC(C)(C)C)=O)C[C@H]1C=C)NC[C@H]1[C@@H]2[C@@H](CCN(C([C@H]3C[C@H]3F)=O)C2)CO1,C=C[C@@H]1C[C@]1(NC(=O)OC(C)(C)C)C(=O)NC[C@@H]1OC[C@@H]2CCN(C(=O)[C@H]3C[C@H]3F)C[C@@H]21,C=C[C@@H]1C[C@]1(NC(=O)OC(C)(C)C)C(=O)NC[C@@H]1OC[C@@H]2CCN(C(=O)[C@H]3C[C@H]3F)C[C@@H]2[C@@H]21,False
12,[C@@H](N(C(NCCC[S@](C)=O)=O)C)(c1ccc(Cl)cc1)C,C[C@@H](c1ccc(Cl)cc1)N(C)C(=O)NCCC[S@](C)=O,C[C@@H](c1ccc(Cl)cc1)N(C)C(=O)NCCC[S@](C)=O,True
13,O=C(CCc1cc(OC)no1)OCC,CCOC(=O)CCc1cc(OC)no1,CCOC(=O)CCc1cc(OC)no1,True
14,C(COc1c(C(=O)OCC)cnc2c1cccc2)OCc1ccc(OC)cc1,CCOC(=O)c1cnc2ccccc2c1OCCOCc1ccc(OC)cc1,CCOC(=O)c1cnc2ccccc2c1OCCOCc1ccc(OC)cc1,True
15,n1c(NC(=O)NCc2c(C)cc(S(N)(=O)=O)cc2)ccnc1COC,COCc1nccc(NC(=O)NCc2ccc(S(N)(=O)=O)cc2C)n1,COCc1nccc(NC(=O)NCc2ccc(S(N)(=O)=O)cc2C)n1,True
16,n1nnn(CC2CC2)c1Cn1nnnc1N1C[C@@H]2[C@@H]3O[C@H](C=C3)[C@H]2C1,C1=C[C@H]2O[C@H]1[C@H]1CN(c3nnnn3Cc3nnnn3CC3CC3)C[C@H]21,C1=C[C@H]2O[C@H]1[C@@H]1CN(c2nnnn2Cc2nnn(CC3CC3)n2)C[C@H]12,False
17,C(c1c(F)cc(F)cc1)C(=O)N[C@H]1[C@H]2CN(C(=O)c3ccc(C(OC)=O)cc3C)C[C@@H]1COC2,COC(=O)c1ccc(C(=O)N2C[C@@H]3COC[C@H](C2)[C@@H]3NC(=O)Cc2ccc(F)cc2F)c(C)c1,COC(=O)c1ccc(C(=O)N2C[C@@H]3COC[C@H](C2)[C@@H]3NC(=O)Cc2ccc(F)cc2F)c(C)c1,True
18,O1CCN(C(c2cncc(C(F)(F)F)c2)=O)C[C@]2(OCCN(C(Cc3csc(C)n3)=O)C2)C1,Cc1nc(CC(=O)N2CCO[C@@]3(COCCN(C(=O)c4cncc(C(F)(F)F)c4)C3)C2)cs1,Cc1nc(CC(=O)N2CCO[C@@]3(COCCN(C(=O)c4cncc(C(F)(F)F)c4)C3)C2)cs1,True
19,CC(c1ncc(NC(c2cccc3n(C)ccc32)=O)cn1)C,CC(C)c1ncc(NC(=O)c2cccc3c2ccn3C)cn1,CC(C)c1ncc(NC(=O)c2cccc3c2ccn3C)cn1,True
20,O=C(N1CC(C)(C)[C@H](NC[C@@H](O)c2ccc([N+]([O-])=O)cc2)CC1)OC(C)(C)C,CC(C)(C)OC(=O)N1CC[C@@H](NC[C@@H](O)c2ccc([N+](=O)[O-])cc2)C(C)(C)C1,CC(C)(C)OC(=O)N1CC[C@@H](NC[C@@H](O)c2ccc([N+](=O)[O-])cc2)C(C)(C)C1,True
21,C(c1c([C@H]2[C@H](C(N3CC[C@@H](S(=O)(NC)=O)C3)=O)C2)cccc1)C,CCc1ccccc1[C@@H]1C[C@H]1C(=O)N1CC[C@@H](S(=O)(=O)NC)C1,CCc1ccccc1[C@@H]1C[C@H]1C(=O)N1CC[C@@H](S(=O)(=O)NC)C1,True
22,c1c(F)ccc2nc(C(N3[C@H](C4CCN(C(c5cc6cccn6cn5)=O)CC4)CCCC3)=O)nn12,O=C(c1cc2cccn2cn1)N1CCC([C@@H]2CCCCN2C(=O)c2nc3ccc(F)cn3n2)CC1,O=C(c1cc2cccn2n1)N1CCC([C@@H]2CCCCN2C(=O)c2nc3ccc(F)cn3n2)CC1,False
23,c1c(O[C@@H](C(N2CCN(CN3C(=O)C[C@@H](CCC)C3)CC2)=O)C)c(C)ccc1,CCC[C@@H]1CC(=O)N(CN2CCN(C(=O)[C@@H](C)Oc3ccccc3C)CC2)C1,CCC[C@@H]1CN(CN2CCN(C(=O)[C@@H](C)Oc3ccccc3C)CC2)C(=O)C1,False
24,N(C(=O)[C@@]1(NC(=O)OC(C)(C)C)C[C@@H](OCC)C1(C)C)c1cccc(C(NC(=O)N)=O)c1,CCO[C@@H]1C[C@](NC(=O)OC(C)(C)C)(C(=O)Nc2cccc(C(=O)NC(N)=O)c2)C1(C)C,CCO[C@@H]1C[C@](NC(=O)OC(C)(C)C)(C(=O)Nc2cccc(C(=O)NC(N)=O)c2)C1(C)C,True
25,[C@@H]1(NC(/C=C/c2sc(C)nc2)=O)CCc2nc(NC(=O)[C@H](C)Nc3cnccc3)sc2C1,Cc1ncc(/C=C/C(=O)N[C@@H]2CCc3nc(NC(=O)[C@H](C)Nc4cccnc4)sc3C2)s1,Cc1ncc(/C=C/C(=O)N[C@@H]2CCc3nc(NC(=O)[C@H](C)Nc4cccnc4)sc3C2)s1,True
26,C1N(C(=O)OC(C)(C)C)C[C@@H]2[C@H]1[C@@H]2C(=O)N1[C@@H](c2cnccc2)[C@H](CNC(=O)[C@@H](S)C)CC1,C[C@H](S)C(=O)NC[C@@H]1CCN(C(=O)[C@H]2[C@H]3CN(C(=O)OC(C)(C)C)C[C@H]32)[C@H]1c1cccnc1,C[C@H](S)C(=O)NC[C@@H]1C[C@@H]2CCN(C(=O)[C@H]3CN(C(=O)OC(C)(C)C)C[C@H]3c3cccnc3)[C[C@@H]2)[C@@H]1C1[C@H]2C(=O)NC[CS@@H]2[CN+](=O)[C@H])CN(CN(C(=O)[C(=O)[C@@H]2C[CN1[C@H])C@H]1[C[C@@H]2C@H]2C(=O)C(=O)[C(F)[C,False
27,n1c(S[C@@H](C)C(NC[C@H](C(C)C)c2ccc(Cl)cc2)=O)cccc1,CC(C)[C@@H](CNC(=O)[C@H](C)Sc1ccccn1)c1ccc(Cl)cc1,CC(C)[C@@H](CNC(=O)[C@H](C)Sc1ccccn1)c1ccc(Cl)cc1,True
28,FC(F)(c1cc(CCn2c(N3CCC(C(=O)N)CC3)nnc2[C@H]2[C@H](C(C)(C)C)OCC2)ncc1)F,CC(C)(C)[C@@H]1OCC[C@H]1c1nnc(N2CCC(C(N)=O)CC2)n1CCc1cc(C(F)(F)F)ccn1,CC(C)(C)[C@@H]1OCC[C@H]1c1nnc(N2CCC(C(N)=O)CC2)n1CCc1cc(C(F)(F)F)ccn1,True
29,C1C2(C(F)(F)F)CC1(C(N1C[C@@H]3[C@H](CNC(c4c(Cl)cncc4Cl)=O)OC[C@@H]3CC1)=O)C2,O=C(NC[C@@H]1OC[C@@H]2CCN(C(=O)C34CC(C(F)(F)F)(C3)C4)C[C@@H]21)c1c(Cl)cncc1Cl,O=C(NC[C@@H]1OC[C@@H]2CCN(C(=O)C34CC(C(F)(F)F)(C3)C4)C[C@@H]21)c1c(Cl)cncc1Cl,True
30,CCCCOCC(=O)NCCNCc1c(C)sc(C)c1,CCCCOCC(=O)NCCNCc1cc(C)sc1C,CCCCOCC(=O)NCCNCc1cc(C)sc1C,True
31,O=C1N(CC(N2CCCC[C@H]2CN(C)C)=O)C(=O)CN1,CN(C)C[C@@H]1CCCCN1C(=O)CN1C(=O)CNC1=O,CN(C)C[C@@H]1CCCCN1C(=O)CN1C(=O)CNC1=O,True
32,N(CC(OCC)=O)(C)Cc1ccc(Br)cc1N,CCOC(=O)CN(C)Cc1ccc(Br)cc1N,CCOC(=O)CN(C)Cc1ccc(Br)cc1N,True
33,[C@H]12[C@H](O)[C@@H]3C[C@@H]1[C@H](CN2C(C(N1CCC[C@@H](Cc2ccc(C)cc2)C1)=O)=O)C3,Cc1ccc(C[C@@H]2CCCN(C(=O)C(=O)N3C[C@@H]4C[C@H]5C[C@H]4[C@@H]3[C@@H]5O)C2)cc1,Cc1ccc(C[C@@H]2CCCN(C(=O)C(=O)N3C[C@@H]4C[C@H]5C[C@H]4[C@@H]3[C@H]5O)C2)cc1,False
34,c1(O[C@@H](C)c2n(Cc3n(C(C)(C)C)ncn3)c(N3CC(C)(C)OC(C)(C)C3)nn2)ccc(F)cc1,C[C@H](Oc1ccc(F)cc1)c1nnc(N2CC(C)(C)OC(C)(C)C2)n1Cc1ncnn1C(C)(C)C,C[C@H](Oc1ccc(F)cc1)c1nnc(N2CC(C)(C)OC(C)(C)C2)n1Cc1ncnn1C(C)(C)C,True
35,n1c(C(N[C@H]2C[C@@H]3N(C(C4(c5cccc([N+]([O-])=O)c5)CCC4)=O)[C@@H](CC3)C2)=O)cc2n1CCC2,O=C(N[C@@H]1C[C@@H]2CC[C@H](C1)N2C(=O)C1(c2cccc([N+](=O)[O-])c2)CCC1)c1cc2n(n1)CCC2,O=C(N[C@@H]1C[C@@H]2CC[C@H](C1)N2C(=O)C1(c2cccc([N+](=O)[O-])c2)CCC1)c1cc2n(n1)CCCCCC2,False
36,c1(C(CSC)(C)C)nnc(C)o1,CSCC(C)(C)c1nnc(C)o1,CSCC(C)(C)c1nnc(C)o1,True
37,c1ccc(C2(NC(=O)Cn3cnc(C(OC)=O)cc3=O)CCC2)cc1,COC(=O)c1cc(=O)n(CC(=O)NC2(c3ccccc3)CCC2)cn1,COC(=O)c1cc(=O)n(CC(=O)NC2(c3ccccc3)CCC2)cn1,True
38,C(N1C[C@]2(OCC1)CN(C(=O)c1c(F)cccn1)CCOC2)(=O)C[C@H](NC(OC(C)(C)C)=O)CC,CC[C@H](CC(=O)N1CCO[C@@]2(COCCN(C(=O)c3ncccc3F)C2)C1)NC(=O)OC(C)(C)C,CC[C@H](CC(=O)N1CCO[C@@]2(COCCN(C(=O)c3ncccc3F)C2)C1)NC(=O)OC(C)(C)C,True
39,c1(C(NC[C@H]2CN(C(=O)C[C@@H](CC)C)CCO2)=O)c[nH]nc1C,CC[C@@H](C)CC(=O)N1CCO[C@@H](CNC(=O)c2c[nH]nc2C)C1,CC[C@@H](C)CC(=O)N1CCO[C@@H](CNC(=O)c2c[nH]nc2C)C1,True
40,C(c1cnccc1)Oc1ccccc1CNCC1(N)CCC1,NC1(CNCc2ccccc2OCc2cccnc2)CCC1,NC1(CNCc2ccccc2OCc2cccnc2)CCC1,True
41,C(N1C[C@H]2COC[C@@H](C1)[C@H]2NC(c1ccnc(F)c1)=O)(=O)C1(C)CN(C(OC(C)(C)C)=O)C1,CC(C)(C)OC(=O)N1CC(C)(C(=O)N2C[C@@H]3COC[C@H](C2)[C@@H]3NC(=O)c2ccnc(F)c2)C1,CC(C)(C)OC(=O)N1CC(C)(C(=O)N2C[C@@H]3COC[C@H](C2)[C@@H]3NC(=O)c2ccnc(F)c2)C1,True
42,O=C(Cn1ccc(O)nc1=O)N1CCN(C)C[C@H]1CNC(=O)OC(C)(C)C,CN1CCN(C(=O)Cn2ccc(O)nc2=O)[C@H](CNC(=O)OC(C)(C)C)C1,CN1CCN(C(=O)Cn2ccc(O)nc2=O)[C@H](CNC(=O)OC(C)(C)C)C1,True
43,O=C(C[C@@H](c1ccc(O)cc1)C#CC)N1CCC([C@H]2N(C(c3ncc(C)nc3)=O)CCCC2)CC1,CC#C[C@@H](CC(=O)N1CCC([C@@H]2CCCCN2C(=O)c2cnc(C)cn2)CC1)c1ccc(O)cc1,CC#C[C@@H](CC(=O)N1CCC([C@@H]2CCCCN2C(=O)c2cnc(C)cn2)CC1)c1ccc(O)cc1,True
44,c1(Cl)cccc(F)c1CNC(=O)Nc1cc2c(cc1)N(C)C(=O)C2,CN1C(=O)Cc2cc(NC(=O)NCc3c(F)cccc3Cl)ccc21,CN1C(=O)Cc2cc(NC(=O)NCc3c(F)cccc3Cl)ccc21,True
45,c1(C(OCCNC(=O)O)=O)ccc(C#N)cc1,N#Cc1ccc(C(=O)OCCNC(=O)O)cc1,N#Cc1ccc(C(=O)OCCNC(=O)O)cc1,True
46,c1c([C@@H]2CN(C(=O)[C@@H]3CC[C@H](C)[C@H](C)C3)C[C@H]2C(=O)N)c(C)n(C)n1,Cc1c([C@@H]2CN(C(=O)[C@@H]3CC[C@H](C)[C@H](C)C3)C[C@H]2C(N)=O)cnn1C,Cc1c([C@@H]2CN(C(=O)[C@@H]3CC[C@H](C)[C@H](C)C3)C[C@H]2C(N)=O)cnn1C,True
47,c1cc(-n2c(C)c(C(N(Cc3ccc(F)cc3)c3sc4c(n3)cccc4)=O)cn2)ncc1,Cc1c(C(=O)N(Cc2ccc(F)cc2)c2nc3ccccc3s2)cnn1-c1ccccn1,Cc1c(C(=O)N(Cc2ccc(F)cc2)c2nc3ccccc3s2)cnn1-c1ccccn1,True
48,C1N(C([C@@H]2[C@H]3CN(C(=O)OC(C)(C)C)C[C@H]32)=O)C[C@@]2(OC1)CN(C(c1c(F)cccc1F)=O)CC2,CC(C)(C)OC(=O)N1C[C@H]2[C@@H](C1)[C@@H]2C(=O)N1CCO[C@]2(CCN(C(=O)c3c(F)cccc3F)C2)C1,CC(C)(C)OC(=O)N1C[C@H]2[C@@H](C1)[C@@H]2C(=O)N1CCO[C@]2(CCN(C(=O)c3c(F)cccc3F)C2)C1,True
49,N1(C(=O)[C@H](n2cccc2)C)C[C@@]2(COCCN(C(=O)[C@H](NC(OC(C)(C)C)=O)COC)C2)OCC1,COC[C@@H](NC(=O)OC(C)(C)C)C(=O)N1CCOC[C@]2(C1)CN(C(=O)[C@@H](C)n1cccc1)CCO2,COC[C@@H](NC(=O)OC(C)(C)C)C(=O)N1CCOC[C@@]2(CN(C(=O)[C@@H](C)n3cccc3)CCO2)C1,False
50,N1(C(c2scnc2C)=O)[C@H](c2cnccc2)[C@@H](CNC(c2c(F)nc(F)cc2)=O)CC1,Cc1ncsc1C(=O)N1CC[C@H](CNC(=O)c2ccc(F)nc2F)[C@H]1c1cccnc1,Cc1ncsc1C(=O)N1CC[C@H](CNC(=O)c2ccc(F)nc2F)[C@H]1c1cccnc1,True
51,[C@H]12N(C(=O)c3cn(C)cn3)CCC[C@@H]1N(C(=O)Cc1n[nH]cn1)CC2,Cn1cnc(C(=O)N2CCC[C@H]3[C@H]2CCN3C(=O)Cc2nc[nH]n2)c1,Cn1cnc(C(=O)N2CCC[C@H]3[C@@H]2CCN3C(=O)Cc2nc[nH]n2)c1,False
52,CN(CC#C)CCCNC(=O)Cc1cc(F)cc2c1OCOC2,C#CCN(C)CCCNC(=O)Cc1cc(F)cc2c1OCOC2,C#CCN(C)CCCNC(=O)Cc1cc(F)cc2c1OCOC2,True
53,c1(CSC)ccccc1NC(C(=O)Nc1cc(F)cc(C)c1)=O,CSCc1ccccc1NC(=O)C(=O)Nc1cc(C)cc(F)c1,CSCc1ccccc1NC(=O)C(=O)Nc1cc(C)cc(F)c1,True
54,O(C)c1ccc(Br)cc1C(Nc1ccn(C(C)C)n1)=O,COc1ccc(Br)cc1C(=O)Nc1ccn(C(C)C)n1,COc1ccc(Br)cc1C(=O)Nc1ccn(C(C)C)n1,True
55,C(=O)(OCC)O[C@@H](C(=O)N1C[C@@H]2[C@H](NC(=O)CNCP(=O)(O)O)[C@@H](COC2)C1)C,CCOC(=O)O[C@H](C)C(=O)N1C[C@@H]2COC[C@H](C1)[C@@H]2NC(=O)CNCP(=O)(O)O,CCOC(=O)O[C@H](C)C(=O)N1C[C@@H]2COC[C@H](C1)[C@@H]2NC(=O)CNCP(=O)(O)O,True
56,C(C)(OC(=O)N1[C@H](C(NC[C@@H]2CCN(C([C@H](CC)O)=O)[C@@H]2c2cccnc2)=O)C[C@@H](F)C1)(C)C,CC[C@H](O)C(=O)N1CC[C@@H](CNC(=O)[C@@H]2C[C@@H](F)CN2C(=O)OC(C)(C)C)[C@H]1c1cccnc1,CC[C@H](O)C(=O)N1CC[C@@H](CNC(=O)[C@@H]2C[C@H](F)CN2C(=O)OC(C)(C)C)[C@H]1c1cccnc(,False
57,c1c(CN(C(CN(S(=O)(=O)c2ccc(C)c([N+]([O-])=O)c2)c2ccc(OC)cc2)=O)[C@@H](C)C(NC(C)C)=O)ccc(F)c1,COc1ccc(N(CC(=O)N(Cc2ccc(F)cc2)[C@@H](C)C(=O)NC(C)C)S(=O)(=O)c2ccc(C)c([N+](=O)[O-])c2)cc1,COc1ccc(N(CC(=O)N(Cc2ccc(C)c(F)c2)[C@@H](C)C(=O)NC(C)C)S(=O)(=O)c2ccc(C)c([N+](=O-])[O)[NC@@H](C@@H](C(=O)N)c3c3cccccc(NSc3c2)c2)C(=O)[COc3c2c3ccccc([nH]c2C(C(C)C(=O)N(=O)c2c2cccccc(C(N(C(F)C(=O)[C(F)N+,False
58,c1c([N+]([O-])=O)c(C)ccc1[C@@H](C)NC([C@H](C)NC(=O)c1ccc(C(C)(C)C)cc1)=O,Cc1ccc([C@@H](C)NC(=O)[C@H](C)NC(=O)c2ccc(C(C)(C)C)cc2)cc1[N+](=O)[O-],Cc1ccc([C@@H](C)NC(=O)[C@H](C)NC(=O)c2ccc(C(C)(C)C)cc2)cc1[N+](=O)[O-],True
59,n1ncn2c1ccc(C(=O)N1C[C@@H]3[C@H](NC(c4c(C)onc4-c4ccccc4)=O)[C@@H](COC3)C1)c2,Cc1onc(-c2ccccc2)c1C(=O)N[C@@H]1[C@H]2COC[C@@H]1CN(C(=O)c1ccc3nncn3c1)C2,Cc1onc(-c2ccccc2)c1C(=O)N[C@@H]1[C@H]2COC[C@@H]1CN(C(=O)c1ccc3nncn3c1)C2,True
60,c12ccccc1CC[C@@H](C)[C@@H]2NC(C(N[C@H]1CCCN(c2nn(C)cc2)C1=O)=O)=O,C[C@@H]1CCc2ccccc2[C@H]1NC(=O)C(=O)N[C@H]1CCCN(c2ccn(C)n2)C1=O,C[C@@H]1CCc2ccccc2[C@H]1NC(=O)C(=O)N[C@H]1CCCN(c2ccn(C)n2)C1=O,True
61,c1c(N2CCN(C)CC2)ccc(CN2CCC[C@@H]2CSC)c1,CSC[C@H]1CCCN1Cc1ccc(N2CCN(C)CC2)cc1,CSC[C@H]1CCCN1Cc1ccc(N2CCN(C)CC2)cc1,True
62,C1=C[C@@H]2[C@@H]3[C@H](C(=O)N(CCCOC)C3=O)[C@H](C(c3cc([N+](=O)[O-])ccc3)=O)N2c2ccccc21,COCCCN1C(=O)[C@H]2[C@H](C1=O)[C@H](C(=O)c1cccc([N+](=O)[O-])c1)N1c3ccccc3C=C[C@H]21,COCCCN1C(=O)[C@@H]2[C@H]3C=C[C@@H](O3)[C@@H]2C(=O)c2cccc([N+](=O)[O-])c2N1c1ccccccc1C=C(C(=O)[C@@H]1)N(CCCCCCCn1COCO)C(=O)[C@H]1[C@H]1C(=O)[C(C(=O)[C@H]1[C(C(=O)[C@H]1)[C(=O)[Cc1c1c1c1ccccccccc([N+](=O)[,False
63,N(C(c1cccnc1OCC1CC1)=O)[C@@H]1C[C@@H]2CC[C@@H](N2C(=O)c2n(-c3ccccc3)nc(C)c2)C1,Cc1cc(C(=O)N2[C@H]3CC[C@@H]2C[C@H](NC(=O)c2cccnc2OCC2CC2)C3)n(-c2ccccc2)n1,Cc1cc(C(=O)N2[C@H]3CC[C@@H]2C[C@H](NC(=O)c2cccnc2OCC2CC2)C3)n(-c2ccccc2)n1,True
64,C(NC(=O)[C@H]1C[C@H]2C=C[C@H]1C2)/C=C\CN=c1cc[nH]c(-c2nn[nH]n2)n1,O=C(NC/C=C\CN=c1cc[nH]c(-c2nn[nH]n2)n1)[C@H]1C[C@H]2C=C[C@H]1C2,O=C(NC/C=C\CN=c1cc[nH]c(-c2nn[nH]n2)n1)[C@H]1C[C@H]2C=C[C@H]1C2,True
65,C(OC(C[C@](c1ccc(C)o1)(C(F)(F)F)O)=O)C(Nc1ccc(C(C)=O)cc1)=O,CC(=O)c1ccc(NC(=O)COC(=O)C[C@](O)(c2ccc(C)o2)C(F)(F)F)cc1,CC(=O)c1ccc(NC(=O)COC(=O)C[C@@](O)(c2ccc(C)o2)C(F)(F)F)cc1,False
66,[C@@H]12N(C(Cc3sc(C)nn3)=O)[C@@H](C[C@H](NC(=O)c3cc(-c4ccccc4C=O)cnc3)C1)CC2,Cc1nnc(CC(=O)N2[C@H]3CC[C@@H]2C[C@H](NC(=O)c2cncc(-c4ccccc4C=O)c2)C3)s1,Cc1nnc(CC(=O)N2[C@H]3CC[C@@H]2C[C@H](NC(=O)c2cncc(-c4ccccc4C=O)c2)C3)s1,True
67,Brc1ccc(Cl)cc1CNC(=O)N[C@H]1CSCCC1,O=C(NCc1cc(Cl)ccc1Br)N[C@@H]1CCCSC1,O=C(NCc1cc(Cl)ccc1Br)N[C@@H]1CCCSC1,True
68,N1(C(Nc2ncccn2)=O)c2ccc(OC)cc2CC1,COc1ccc2c(c1)CCN2C(=O)Nc1ncccn1,COc1ccc2c(c1)CCN2C(=O)Nc1ncccn1,True
69,C1CC1n1c(CNc2ccccc2SC(F)(F)F)nnn1,FC(F)(F)Sc1ccccc1NCc1nnnn1C1CC1,FC(F)(F)Sc1ccccc1NCc1nnnn1C1CC1,True
70,O=C(Nc1sc2c(n1)CC[C@H](NC(c1cc3cnn(C)c3cc1)=O)C2)c1cc(C(C)C)nn1CC,CCn1nc(C(C)C)cc1C(=O)Nc1nc2c(s1)C[C@@H](NC(=O)c1ccc3c(cnn3C)c1)CC2,CCn1nc(C(C)C)cc1C(=O)Nc1nc2c(s1)C[C@@H](NC(=O)c1ccc3c(cnn3C)c1)CC2,True
71,c1ncccc1CN1[C@H]2CC[C@@H]1C[C@@H]2NC(c1cncc(CC)c1)=O,CCc1cncc(C(=O)N[C@H]2C[C@H]3CC[C@@H]2N3Cc2cccnc2)c1,CCc1cncc(C(=O)N[C@H]2C[C@H]3CC[C@@H]2N3Cc2cccnc2)c1,True
72,C(COC(C)C)SCc1sccc1Cl,CC(C)OCCSCc1sccc1Cl,CC(C)OCCSCc1sccc1Cl,True
73,c1c(CC)cc(C(=O)N[C@H]2C[C@H]3CC[C@H](N3C(c3c(F)ccc(C#N)c3)=O)C2)nc1,CCc1ccnc(C(=O)N[C@@H]2C[C@@H]3CC[C@H](C2)N3C(=O)c2cc(C#N)ccc2F)c1,CCc1ccnc(C(=O)N[C@@H]2C[C@@H]3CC[C@H](C2)N3C(=O)c2cc(C#N)ccc2F)c1,True
74,[C@@H]1(NC(=O)[C@@H](C)Oc2c(Br)cc(C)cc2)C[C@@](C)(OC)C1(C)C,CO[C@]1(C)C[C@@H](NC(=O)[C@@H](C)Oc2ccc(C)cc2Br)C1(C)C,CO[C@]1(C)C[C@@H](NC(=O)[C@@H](C)Oc2ccc(C)cc2Br)C1(C)C,True
75,c1(C)ncnc(N2CC[C@H](NC(=O)c3n(CCC)ncc3)CCC2)c1,CCCn1nccc1C(=O)N[C@@H]1CCCN(c2cc(C)ncn2)CC1,CCCn1nccc1C(=O)N[C@@H]1CCCN(c2cc(C)ncn2)CC1,True
76,[C@@H]1(C)CCN1C(=O)c1nn(CCN(C)C)cc1,C[C@@H]1CCN1C(=O)c1ccn(CCN(C)C)n1,C[C@@H]1CCN1C(=O)c1ccn(CCN(C)C)n1,True
77,N(\O[C@@H]1CCCCO1)=C/C(N1[C@H](c2cnccc2)[C@H](CNC(c2ncc(C(C)(C)C)nc2)=O)CC1)=O,CC(C)(C)c1cnc(C(=O)NC[C@@H]2CCN(C(=O)/C=N/O[C@@H]3CCCCO3)[C@@H]2c2cccnc2)cn1,CC(C)(C)c1cnc(C(=O)NC[C@@H]2CCN(C(=O)/C=N/O[C@@H]3CCCCO3)[C@@H]2c2cccnc2)cn1,True
78,S(CCN[C@H](C)CC1CCOCC1)C(C)C,CC(C)SCCN[C@H](C)CC1CCOCC1,CC(C)SCCN[C@H](C)CC1CCOCC1,True
79,[C@H]1(NC(=O)c2cc(C)cs2)[C@@H]2COC[C@H]1CN(C(=O)C[C@@H](c1ccc(O)cc1)C#CC)C2,CC#C[C@@H](CC(=O)N1C[C@@H]2COC[C@H](C1)[C@@H]2NC(=O)c1cc(C)cs1)c1ccc(O)cc1,CC#C[C@@H](CC(=O)N1C[C@@H]2COC[C@H](C1)[C@@H]2NC(=O)c1cc(C)cs1)c1ccc(O)cc1,True
80,c1cc(Cc2noc(CNS(=O)(c3cn(C)cn3)=O)n2)cnc1,Cn1cnc(S(=O)(=O)NCc2nc(Cc3cccnc3)no2)c1,Cn1cnc(S(=O)(=O)NCc2nc(Cc3cccnc3)no2)c1,True
81,C(=O)(OC)[C@@]12CN(C(Nc3ccc(N(C(=O)CN4CCN(C)CC4)C)cc3)=O)C[C@@H]1CCC2,COC(=O)[C@]12CCC[C@H]1CN(C(=O)Nc1ccc(N(C)C(=O)CN3CCN(C)CC3)cc1)C2,COC(=O)[C@]12CCC[C@H]1CN(C(=O)Nc1ccc(N(C)C(=O)CN3CCN(C)CC3)cc1)C2,True
82,c1(C#N)cc(C(=O)N2C[C@@H]3COC[C@@H]([C@@H]3NC([C@@H](C)NC(=O)OCc3ccccc3)=O)C2)[nH]c1,C[C@@H](NC(=O)OCc1ccccc1)C(=O)N[C@@H]1[C@H]2COC[C@@H]1CN(C(=O)c1cc(C#N)c[nH]1)C2,C[C@@H](NC(=O)OCc1ccccc1)C(=O)N[C@@H]1[C@H]2COC[C@@H]1CN(C(=O)c1cc(C#N)c[nH]1)C2,True
83,C(C1CCN(C(Cc2oc(C)nc2)=O)CC1)NCc1nn(C)nn1,Cc1ncc(CC(=O)N2CCC(CNCc3nnn(C)n3)CC2)o1,Cc1ncc(CC(=O)N2CCC(CNCc3nnn(C)n3)CC2)o1,True
84,c1(Br)c(CC)c(C(N2CC3(CCCN3C(=O)Cc3cnc(C)cc3)C2)=O)ccc1,CCc1c(Br)cccc1C(=O)N1CC2(CCCN2C(=O)Cc2ccc(C)nc2)C1,CCc1c(Br)cccc1C(=O)N1CC2(CCCN2C(=O)Cc2ccc(C)nc2)C1,True
85,[C@H]1(C(OC)=O)CCN(c2n(Cc3cnc(N4CCC(C)CC4)cc3)c([C@@H](C)CC)nn2)C1,CC[C@H](C)c1nnc(N2CC[C@H](C(=O)OC)C2)n1Cc1ccc(N2CCC(C)CC2)nc1,CC[C@H](C)c1nnc(N2CC[C@H](C(=O)OC)C2)n1Cc1ccc(N2CCC(C)CC2)nc1,True
86,CN(CCc1scnc1C)[C@H](c1ccc(F)cc1)C(C)C,Cc1ncsc1CCN(C)[C@H](c1ccc(F)cc1)C(C)C,Cc1ncsc1CCN(C)[C@H](c1ccc(F)cc1)C(C)C,True
87,C(O[C@H](C(C)C)C(=O)N1C[C@]2(CNC(=O)[C@H](C)NC(=O)c3ccccc3)CCCO[C@@H]2CC1)(=O)C,CC(=O)O[C@@H](C(=O)N1CC[C@H]2OCCC[C@@]2(CNC(=O)[C@H](C)NC(=O)c2ccccc2)C1)C(C)C,CC(=O)O[C@@H](C(=O)N1CC[C@H]2OCCC[C@@]2(CNC(=O)[C@H](C)NC(=O)c2ccccc2)C1)C(C)C,True
88,C1[C@H](C(O)=O)CCC[C@@H]1C(N1[C@H](C2CCC2)CCC1)=O,O=C(O)[C@@H]1CCC[C@H](C(=O)N2CCC[C@H]2C2CCC2)C1,O=C(O)[C@@H]1CCC[C@H](C(=O)N2CCCC[C@H]2C2CCC2)C1,False
89,c1(NC(c2n3c(ncn3)ccc2)=O)cnc(OC)c(Br)c1C,COc1ncc(NC(=O)c2cccc3ncnn23)c(C)c1Br,COc1ncc(NC(=O)c2cccc3ncnn23)c(C)c1Br,True
90,C1C[C@H](C(=O)N2C[C@@H]3[C@H](NC(=O)[C@H](Nc4ccccc4)C)[C@@H](COC3)C2)NC1=O,C[C@@H](Nc1ccccc1)C(=O)N[C@@H]1[C@H]2COC[C@@H]1CN(C(=O)[C@H]1CCC(=O)N1)C2,C[C@@H](Nc1ccccc1)C(=O)N[C@@H]1[C@H]2COC[C@@H]1CN(C(=O)[C@H]1CCC(=O)N1)C2,True
91,C1C[C@@H]2[C@H](CN1C([C@H](C)[C@@H]1C(=O)NC(=N)S1)=O)[C@H](CNC(c1c(C)oc(C(C)(C)C)c1)=O)OC2,Cc1oc(C(C)(C)C)cc1C(=O)NC[C@@H]1OC[C@@H]2CCN(C(=O)[C@H](C)[C@H]3SC(=N)NC3=O)C[C@@H]21,Cc1oc(C(C)(C)C)cc1C(=O)NC[C@@H]1OC[C@@H]2CCN(C(=O)[C@H](C)[C@H]3SC(=N)NC3=O)C[C@@H]21,True
92,N(CCC)C(c1ccc(NC(=O)[C@H]2[C@H](C(O)=O)C2)cc1)=O,CCCNC(=O)c1ccc(NC(=O)[C@@H]2C[C@H]2C(=O)O)cc1,CCCNC(=O)c1ccc(NC(=O)[C@@H]2C[C@H]2C(=O)O)cc1,True
93,O=C(N[C@@H]1CCc2c(sc(NC([C@H](C)n3cccc3)=O)n2)C1)c1[nH]c2ccc([N+]([O-])=O)cc2n1,C[C@@H](C(=O)Nc1nc2c(s1)C[C@H](NC(=O)c1nc3cc([N+](=O)[O-])ccc3[nH]1)CC2)n1cccc1,C[C@@H](C(=O)Nc1nc2c(s1)C[C@H](NC(=O)c1nc3cc([N+](=O)[O-])ccc3[nH]1)CC2)n1cccc1,True
94,c1(N(C)Cc2cc3c(cc2OC(F)F)OCO3)nnc([C@H](C)CC)n1C[C@@]1(OC)CCOC1,CC[C@@H](C)c1nnc(N(C)Cc2cc3c(cc2OC(F)F)OCO3)n1C[C@@]1(OC)CCOC1,CC[C@@H](C)c1nnc(N(C)Cc2cc3c(cc2OC(F)F)OCO3)n1C[C@@]1(OC)CCOC1,True
95,O=C(CCOc1c(C)c(C)ccc1)NCCCOCC,CCOCCCNC(=O)CCOc1cccc(C)c1C,CCOCCCNC(=O)CCOc1cccc(C)c1C,True
96,c1cc(C(=O)C)cnc1NCCCN1CCCCC1,CC(=O)c1ccc(NCCCN2CCCCC2)nc1,CC(=O)c1ccc(NCCCN2CCCCC2)nc1,True
97,[C@@]12(CN(C(/C=C/c3sc(C)nc3)=O)CC1)OCCN(C([C@H](c1ccc(OC)cc1)C)=O)C2,COc1ccc([C@H](C)C(=O)N2CCO[C@]3(CCN(C(=O)/C=C/c4cnc(C)s4)C3)C2)cc1,COc1ccc([C@H](C)C(=O)N2CCO[C@@]3(CCN(C(=O)/C=C/c4cnc(C)s4)C3)C2)cc1,False
98,C1[C@@H](CNC(c2c(C)[nH]c3ccc(Cl)cc23)=O)OCCN1,Cc1[nH]c2ccc(Cl)cc2c1C(=O)NC[C@@H]1CNCCO1,Cc1[nH]c2ccc(Cl)cc2c1C(=O)NC[C@@H]1CNCCO1,True
99,C(c1cc(O)cc([N+]([O-])=O)c1)(=O)N1C[C@@H]2[C@H](NC(=O)c3cnccc3C(F)(F)F)[C@@H](COC2)C1,O=C(N[C@@H]1[C@H]2COC[C@@H]1CN(C(=O)c1cc(O)cc([N+](=O)[O-])c1)C2)c1cnccc1C(F)(F)F,O=C(N[C@@H]1[C@H]2COC[C@@H]1CN(C(=O)c1cc(O)cc([N+](=O)[O-])c1)C2)c1cnccc1C(F)(F)F,True
100,C1CCC(C(N(C)C[C@@H](O)CNC(=O)[C@@H](OC)C2CC2)=O)(CC)C1,CCC1(C(=O)N(C)C[C@@H](O)CNC(=O)[C@@H](OC)C2CC2)CCCC1,CCC1(C(=O)N(C)C[C@@H](O)CNC(=O)[C@@H](OC)C1CC1)CCCC1,False
101,c1c(C(=O)OC)ccc(F)c1CN(C)CCC=C,C=CCCN(C)Cc1cc(C(=O)OC)ccc1F,C=CCCN(C)Cc1cc(C(=O)OC)ccc1F,True
102,C(C)c1nnsc1C(Nc1c(F)nccc1F)=O,CCc1nnsc1C(=O)Nc1c(F)ccnc1F,CCc1nnsc1C(=O)Nc1c(F)ccnc1F,True
103,O([C@@H]1[C@H]2[C@H](C1(C)C)OCCC2)C(=O)Cc1ccc([S@@](=O)C)cc1,C[S@](=O)c1ccc(CC(=O)O[C@@H]2[C@@H]3CCCO[C@H]3C2(C)C)cc1,C[S@](=O)c1ccc(CC(=O)O[C@@H]2[C@@H]3CCCO[C@H]3C2(C)C)cc1,True
104,C(NCc1ccc(Cl)cc1)(c1n(C[C@](C)(O)CC)c(N2[C@H](CC)C[C@H](C)C2)nn1)=O,CC[C@@H]1C[C@H](C)CN1c1nnc(C(=O)NCc2ccc(Cl)cc2)n1C[C@](C)(O)CC,CC[C@@H]1C[C@H](C)CN1c1nnc(C(=O)NCc2ccc(Cl)cc2)n1C[C@](C)(O)CC,True
105,C1(CC)(C(N2CCOCCC2)=O)CC1,CCC1(C(=O)N2CCCOCC2)CC1,CCC1(C(=O)N2CCCOCC2)CC1,True
106,N(C(c1[nH]c(-c2ccccc2)cc1)=O)C[C@@H](C)NC([C@@H](OC)C)=O,CO[C@@H](C)C(=O)N[C@H](C)CNC(=O)c1ccc(-c2ccccc2)[nH]1,CO[C@@H](C)C(=O)N[C@H](C)CNC(=O)c1ccc(-c2ccccc2)[nH]1,True
107,C(Sc1nc(C2CC2)nc2n(C3CC3)c(=O)[nH]c(=O)c12)C(=O)c1cccc(C(F)(F)F)c1,O=C(CSc1nc(C2CC2)nc2c1c(=O)[nH]c(=O)n2C1CC1)c1cccc(C(F)(F)F)c1,O=C(CSc1nc(=O)nc(C2CC2)c2c1c(=O)[nH]c(C1CC1)n2)c1cccc(C(F)(F)F)c1,False
108,C[C@](O)(C(F)(F)F)C(Nc1cc([C@H]2CCCCN2C(c2ncc(OCC)nc2)=O)[nH]n1)=O,CCOc1cnc(C(=O)N2CCCC[C@@H]2c2cc(NC(=O)[C@@](C)(O)C(F)(F)F)n[nH]2)cn1,CCOc1cnc(C(=O)N2CCCC[C@@H]2c2cc(NC(=O)[C@@](C)(O)C(F)(F)F)n[nH]2)cn1,True
109,C#CCCCCCCNCc1nc(C)c(C)cc1,C#CCCCCCCNCc1ccc(C)c(C)n1,C#CCCCCCCNCc1ccc(C)c(C)n1,True
110,C1CC[C@@H](C(=O)NC[C@H]2[C@H]3CN(C(=O)c4c(Cl)cccc4C)CC[C@H]3CO2)OC1,Cc1cccc(Cl)c1C(=O)N1CC[C@H]2CO[C@@H](CNC(=O)[C@@H]3CCCCO3)[C@H]2C1,Cc1cccc(Cl)c1C(=O)N1CC[C@H]2CO[C@@H](CNC(=O)[C@@H]3CCCCO3)[C@H]2C1,True
111,O=S(N1C[C@H](c2onc(CC)n2)CCC1)(=O)[C@@H](C)C#N,CCc1noc([C@@H]2CCCN(S(=O)(=O)[C@@H](C)C#N)C2)n1,CCc1noc([C@@H]2CCCN(S(=O)(=O)[C@@H](C)C#N)C2)n1,True
112,c1cc(OC[C@@H](NC(c2[nH]c3ccc(C)c(C)c3c2)=O)C)ccc1F,Cc1ccc2[nH]c(C(=O)N[C@@H](C)COc3ccc(F)cc3)cc2c1C,Cc1ccc2[nH]c(C(=O)N[C@@H](C)COc3ccc(F)cc3)cc2c1C,True
113,n1nc(-c2cnn3c2CCC3)oc1COCCOC,COCCOCc1nnc(-c2cnn3c2CCC3)o1,COCCOCc1nnc(-c2cnn3c2CCC3)o1,True
114,O=C([C@H]1CCCN(C(OC(C)(C)C)=O)[C@H]1C)N1[C@@H]2CC[C@H]1C[C@@H](NC(=O)COc1ccccc1C)C2,Cc1ccccc1OCC(=O)N[C@@H]1C[C@@H]2CC[C@H](C1)N2C(=O)[C@H]1CCCN(C(=O)OC(C)(C)C)[C@H]1C,Cc1ccccc1OCC(=O)N[C@@H]1C[C@@H]2CC[C@H](C1)N2C(=O)[C@H]1CCCN(C(=O)OC(C)(C)C)[C@H]1C,True
115,O=S1(=O)CC[C@H](S(N2CCN(C([C@@H]3CC[C@@H](C)C3)=O)CC2)(=O)=O)C1,C[C@@H]1CC[C@@H](C(=O)N2CCN(S(=O)(=O)[C@H]3CCS(=O)(=O)C3)CC2)C1,C[C@@H]1CC[C@@H](C(=O)N2CCN(S(=O)(=O)[C@H]3CCS(=O)(=O)C3)CC2)C1,True
116,C(N1CCN(C)CC1)C1CN(C(c2ccc(Cl)cc2)=O)C1,CN1CCN(CC2CN(C(=O)c3ccc(Cl)cc3)C2)CC1,CN1CCN(CC2CN(C(=O)c3ccc(Cl)cc3)C2)CC1,True
117,O(CC)C(=O)C1=C(COC(=O)C2(c3ccc(OC)cc3)CCOCC2)NC(=O)N[C@@H]1c1ccccc1,CCOC(=O)C1=C(COC(=O)C2(c3ccc(OC)cc3)CCOCC2)NC(=O)N[C@@H]1c1ccccc1,CCOC(=O)C1=C(COC(=O)C2(c3ccc(OC)cc3)CCOCC2)NC(=O)N[C@@H]1c1ccccc1,True
118,Cl/C(CN1CCC(CNC([C@@H]2C[C@@H]3O[C@@H]2C=C3)=O)=CC1)=C\Cl,O=C(NCC1=CCN(C/C(Cl)=C/Cl)CC1)[C@@H]1C[C@H]2C=C[C@H]1O2,O=C(NCC1=CCN(C/C(Cl)=C/Cl)CC1)[C@@H]1C[C@H]2C=C[C@H]1O2,True
119,C1[C@H](NC(=O)C(N[C@H]2CCCn3nc(COC)nc32)=O)CC(=O)N1c1cccc(OC)c1,COCc1nc2n(n1)CCC[C@@H]2NC(=O)C(=O)N[C@@H]1CC(=O)N(c2cccc(OC)c2)C1,COCc1nc2n(n1)CCC[C@@H]2NC(=O)C(=O)N[C@@H]1CC(=O)N(c2cccc(OC)c2)C1,True
120,c1([C@H](N2C[C@@H](N(C)C(=O)CCC3(C)CC3)CC2)C)nc(C(C)C)no1,CC(C)c1noc([C@@H](C)N2CC[C@H](N(C)C(=O)CCC3(C)CC3)C2)n1,CC(C)c1noc([C@@H](C)N2CC[C@H](N(C)C(=O)CCC3(C)CC3)C2)n1,True
121,C(CCC(=O)N(CCOCCOC)C)C1CCCCC1,COCCOCCN(C)C(=O)CCCC1CCCCC1,COCCOCCN(C)C(=O)CCCC1CCCCC1,True
122,c1(O)c(C)cc(C(=O)N[C@H](C#N)C2CCCC2)cc1,Cc1cc(C(=O)N[C@H](C#N)C2CCCC2)ccc1O,Cc1cc(C(=O)N[C@H](C#N)C2CCCC2)ccc1O,True
123,c1c(C)ccc(N2[C@H](c3sccc3)[C@H](C(Nc3cc(C(=O)O)c(F)cc3)=O)CC2=O)c1,Cc1ccc(N2C(=O)C[C@@H](C(=O)Nc3ccc(F)c(C(=O)O)c3)[C@H]2c2cccs2)cc1,Cc1ccc(N2C(=O)C[C@@H](C(=O)Nc3ccc(F)c(C(=O)O)c3)[C@H]2c2cccs2)cc1,True
124,c1ccc(/C=C\C(N[C@@H]2[C@@H]3CC[C@H](C2)N3CC(=O)NC(=O)NCC)=O)[nH]1,CCNC(=O)NC(=O)CN1[C@H]2CC[C@@H]1C[C@@H]2NC(=O)/C=C\c1ccc[nH]1,CCNC(=O)NC(=O)CN1[C@H]2CC[C@@H]1C[C@@H]2NC(=O)/C=C\c1ccc[nH]1,True
125,c1cc(OC)c(C)cc1CN1CCCN(C(=O)CCSC)CC1,COc1ccc(CN2CCCN(C(=O)CCSC)CC2)cc1C,COc1ccc(CN2CCCN(C(=O)CCSC)CC2)cc1C,True
126,c1cc(C(=O)N2C[C@@]3(COCCN(C(=O)[C@H](C4CC4)NC(=O)OC(C)(C)C)C3)OCC2)c[n+]([O-])c1,CC(C)(C)OC(=O)N[C@H](C(=O)N1CCOC[C@@]2(CN(C(=O)c3ccc[n+]([O-])c3)CCO2)C1)C1CC1,CC(C)(C)OC(=O)N[C@H](C(=O)N1CCOC[C@@]2(CN(C(=O)c3ccc[n+]([O-])c3)CCO2)C1)C1CC1,True
127,c1ccc2c(c1)CC(CNC(=O)[C@@H](C)N1C(=O)[C@H]3[C@@H]([C@H]4CC[C@H]3O4)C1=O)(N(C)C)C2,C[C@H](C(=O)NCC1(N(C)C)Cc2ccccc2C1)N1C(=O)[C@H]2[C@H](C1=O)[C@H]1CC[C@H]2O1,C[C@H](C(=O)NCC1(N(C)C)Cc2ccccc2C1)N1C(=O)[C@@H]2[C@H]3CC[C@@H](O3)[C@@H]2C1=O,False
128,C(CC(N1C[C@H]2[C@H](CN(C([C@H](CCC)CC)=O)C2)C1)=O)CC#C,C#CCCCC(=O)N1C[C@H]2CN(C(=O)[C@@H](CC)CCC)C[C@H]2C1,C#CCCCC(=O)N1C[C@H]2CN(C(=O)[C@@H](CC)CCC)C[C@H]2C1,True
129,c12ccccc1C(COC(=O)NC[C@@H](C(=O)NCCF)C)c1ccccc1-2,C[C@@H](CNC(=O)OCC1c2ccccc2-c2ccccc21)C(=O)NCCF,C[C@@H](CNC(=O)OCC1c2ccccc2-c2ccccc21)C(=O)NCCF,True
130,n1c2c(NCCN(C)C(=O)c3nn(C)c(C)c3)nc[nH]c-2nc1,Cc1cc(C(=O)N(C)CCNc2nc[nH]c3ncnc2-3)nn1C,Cc1cc(C(=O)N(C)CCNc2nc[nH]c3ncnc2-3)nn1C,True
131,C1N(CC)C[C@]2(CN(C(=O)C[C@H]3C=CCC3)CCCC2)C1,CCN1CC[C@]2(CCCCN(C(=O)C[C@H]3C=CCC3)C2)C1,CCN1CC[C@]2(CCCCN(C(=O)C[C@H]3C=CCC3)C2)C1,True
132,C1N(C([C@@H](C)n2cncn2)=O)CCO[C@]12COCCN(C(=O)[C@@H]1CN3[C@@H](CCC3=O)CC1)C2,C[C@H](C(=O)N1CCO[C@]2(COCCN(C(=O)[C@H]3CC[C@@H]4CCC(=O)N4C3)C2)C1)n1cncn1,C[C@H](C(=O)N1CCO[C@]2(COCCN(C(=O)[C@H]3CC[C@@H]4CCC(=O)N4C3)C2)C1)n1cncn1,True
133,Cc1cc(C)ccc1NC([C@@H](N)[C@H](CC)C)=O,CC[C@H](C)[C@H](N)C(=O)Nc1ccc(C)cc1C,CC[C@H](C)[C@H](N)C(=O)Nc1ccc(C)cc1C,True
134,C1N(c2c3c(C)noc3ncn2)CC[C@@H](C)[C@H]1C,Cc1noc2ncnc(N3CC[C@@H](C)[C@@H](C)C3)c12,Cc1noc2ncnc(N3CC[C@@H](C)[C@@H](C)C3)c12,True
135,CC(CN[C@H]1C[C@H](NC(c2conc2C(F)(F)F)=O)C12CCC2)C,CC(C)CN[C@H]1C[C@H](NC(=O)c2conc2C(F)(F)F)C12CCC2,CC(C)CN[C@H]1C[C@H](NC(=O)c2conc2C(F)(F)F)C12CCC2,True
136,c1(OC)c(F)c(C)ccc1-c1cc(F)cc(F)c1F,COc1c(-c2cc(F)cc(F)c2F)ccc(C)c1F,COc1c(-c2cc(F)cc(F)c2F)ccc(C)c1F,True
137,O1C[C@@H]2CN(C(c3cnn(C(C)(C)C)c3)=O)C[C@@H]([C@H]2NC([C@@H]2CN3C(=O)CC[C@@H]3CC2)=O)C1,CC(C)(C)n1cc(C(=O)N2C[C@@H]3COC[C@H](C2)[C@@H]3NC(=O)[C@H]2CC[C@H]3CCC(=O)N3C2)cn1,CC(C)(C)n1cc(C(=O)N2C[C@@H]3COC[C@H](C2)[C@@H]3NC(=O)[C@H]2CC[C@H]3CCC(=O)N3C2)cn1,True
138,C1C(NC2(c3ccc(Br)cc3)COC2)CCCC1,Brc1ccc(C2(NC3CCCCC3)COC2)cc1,Brc1ccc(C2(NC3CCCCC3)COC2)cc1,True
139,c1ccc(-c2noc(C(=O)N3C[C@H](OC)C[C@@H]3CN3CCCC3)c2)cc1OC,COc1cccc(-c2cc(C(=O)N3C[C@H](OC)C[C@@H]3CN3CCCC3)on2)c1,COc1cccc(-c2cc(C(=O)N3C[C@@H](OC)C[C@H]3CN3CCCC3)on2)c1,False
140,C1([C@@]2(C)NC(=O)N(c3cc(NC(=O)NCc4ccccn4)ccc3)C2=O)CC1,C[C@]1(C2CC2)NC(=O)N(c2cccc(NC(=O)NCc3ccccn3)c2)C1=O,C[C@]1(C2CC2)NC(=O)N(c2cccc(NC(=O)NCc3ccccn3)c2)C1=O,True
141,c1cc(-c2oc(CCC(=O)OCc3cc(F)ccc3Br)nn2)ccc1,O=C(CCc1nnc(-c2ccccc2)o1)OCc1cc(F)ccc1Br,O=C(CCc1nnc(-c2cc(F)ccc2Br)o1)OCc1ccccc1,False
142,FC(F)(F)c1ccc(Cn2nccc2NC(=O)N2C[C@@H]3[C@@H]4C[C@@H]([C@@H](OC)[C@H]42)C3)cc1,CO[C@@H]1[C@H]2C[C@@H]3CN(C(=O)Nc4ccnn4Cc4ccc(C(F)(F)F)cc4)[C@H]1[C@H]3C2,CO[C@@H]1[C@@H]2C[C@@H]3[C@@H]1N(C(=O)Nc1ccnn1Cc1ccc(C(F)(F)F)cc1)C[C@@H]3C2,False
143,O(Cc1c(OC)cccc1)NC(COC)=O,COCC(=O)NOCc1ccccc1OC,COCC(=O)NOCc1ccccc1OC,True
144,C1[C@H](NC(CCC)=O)CCCN1c1n(CC(C)(C(NC)=O)C)c([C@H](CC)c2ccccc2)nn1,CCCC(=O)N[C@@H]1CCCN(c2nnc([C@H](CC)c3ccccc3)n2CC(C)(C)C(=O)NC)C1,CCCC(=O)N[C@@H]1CCCN(c2nnc([C@H](CC)c3ccccc3)n2CC(C)(C)C(=O)NC)C1,True
145,n1cc2cc(C(=O)N[C@H](C)c3nc(-c4ccccc4)on3)cnc2n1Cc1ccccc1,C[C@@H](NC(=O)c1cnc2c(cnn2Cc2ccccc2)c1)c1noc(-c2ccccc2)n1,C[C@@H](NC(=O)c1cnc2c(cnn2Cc2ccccc2)c1)c1noc(-c2ccccc2)n1,True
146,[nH]1c(C(=O)N)ccc1C(=O)N1CCC(O)(CNCC2CC2)CC1,NC(=O)c1ccc(C(=O)N2CCC(O)(CNCC3CC3)CC2)[nH]1,NC(=O)c1ccc(C(=O)N2CCC(O)(CNCC3CC3)CC2)[nH]1,True
147,C1N(C(OC(C)(C)C)=O)C[C@H]2C[C@]2(C(N2CCO[C@@]3(CN(C(=O)CCCC#C)CCOC3)C2)=O)C1,C#CCCCC(=O)N1CCOC[C@]2(C1)CN(C(=O)[C@@]13CCN(C(=O)OC(C)(C)C)C[C@H]1C3)CCO2,C#CCCCC(=O)N1CCOC[C@]2(C1)CN(C(=O)[C@@]13CCN(C(=O)OC(C)(C)C)C[C@H]1C3)CCO2,True
148,c1(C)nc2c(cnn2C)c(NC[C@@H]2[C@H](c3c[nH]nc3)OCC2)n1,Cc1nc(NC[C@H]2CCO[C@H]2c2cn[nH]c2)c2cnn(C)c2n1,Cc1nc(NC[C@H]2CCO[C@H]2c2cn[nH]c2)c2cnn(C)c2n1,True
149,c12nc(NC([C@@H]3CSCCC3)=O)n(C)c1ccc(F)c2,Cn1c(NC(=O)[C@H]2CCCSC2)nc2cc(F)ccc21,Cn1c(NC(=O)[C@H]2CCCSC2)nc2cc(F)ccc21,True
150,C(N1C[C@H]2CN(C(=O)[C@H]3COCCN3CC)C[C@H]2C1)(C1(C)CCC1)=O,CCN1CCOC[C@@H]1C(=O)N1C[C@@H]2CN(C(=O)C3(C)CCC3)C[C@@H]2C1,CCN1CCOC[C@@H]1C(=O)N1C[C@@H]2CN(C(=O)C3(C)CCC3)C[C@@H]2C1,True
151,c1(NC([C@H](C)NC(c2ccccn2)=O)=O)nc2c(s1)C[C@H](NC(=O)c1ccc(C(=O)N)cc1)CC2,C[C@H](NC(=O)c1ccccn1)C(=O)Nc1nc2c(s1)C[C@H](NC(=O)c1ccc(C(N)=O)cc1)CC2,C[C@H](NC(=O)c1ccccn1)C(=O)Nc1nc2c(s1)C[C@H](NC(=O)c1ccc(C(N)=O)cc1)CC2,True
152,c1coc(CN[C@H](CCOC)C)c1,COCC[C@H](C)NCc1ccco1,COCC[C@H](C)NCc1ccco1,True
153,c1ccc2c(N[C@@H](CO)CCC=C)ccnc2c1,C=CCC[C@H](CO)Nc1ccnc2ccccc12,C=CCC[C@H](CO)Nc1ccnc2ccccc12,True
154,c1ccc(F)c(C(NC[C@H](NCC(=O)N[C@@H](C)CC)C2CC2)=O)n1,CC[C@H](C)NC(=O)CN[C@@H](CNC(=O)c1ncccc1F)C1CC1,CC[C@H](C)NC(=O)CN[C@@H](CNC(=O)c1ncccc1F)C1CC1,True
155,c1(OC)ccc(O)c(C(N[C@H](CC)c2[nH]ccn2)=O)c1,CC[C@@H](NC(=O)c1cc(OC)ccc1O)c1ncc[nH]1,CC[C@@H](NC(=O)c1cc(OC)ccc1O)c1ncc[nH]1,True
156,Fc1c(C(=O)N[C@@H]2CN(CCC3CC3)C[C@H]2C)c2c(cc1)ccnc2,C[C@@H]1CN(CCC2CC2)C[C@H]1NC(=O)c1c(F)ccc2ccncc12,C[C@@H]1CN(CCC2CC2)C[C@H]1NC(=O)c1c(F)ccc2ccncc12,True
157,C1CCCN1CCCC(=O)NC1(CNC(C#CC(C)C)=O)CCC1,CC(C)C#CC(=O)NCC1(NC(=O)CCCN2CCCC2)CCC1,CC(C)C#CC(=O)NCC1(NC(=O)CCCN2CCCC2)CCC1,True
158,C1CN(C([C@H](C2CC2)N2CCCC2)=O)CCC1CNC(=O)[C@@H]1C[C@@H]2O[C@H]1[C@@H]1[C@H]2C1,O=C(NCC1CCN(C(=O)[C@H](C2CC2)N2CCCC2)CC1)[C@@H]1C[C@@H]2O[C@H]1[C@H]1C[C@@H]21,O=C(NCC1CCN(C(=O)[C@H](C2CC2)N2CCCC2)CC1)[C@@H]1C[C@@H]2O[C@H]1[C@H]1C[C@@H]21,True
159,CN1C[C@H]2CN(Cc3cc(C(F)(F)F)cc(C(F)(F)F)c3)C[C@H]2C1,CN1C[C@H]2CN(Cc3cc(C(F)(F)F)cc(C(F)(F)F)c3)C[C@H]2C1,CN1C[C@@H]2CN(Cc3cc(C(F)(F)F)cc(C(F)(F)F)c3)C[C@@H]2C1,False
160,c1(Nc2ccc3nc(CC)nn3c2)cc(OC2CC2)ccc1,CCc1nc2ccc(Nc3cccc(OC4CC4)c3)cn2n1,CCc1nc2ccc(Nc3cccc(OC4CC4)c3)cn2n1,True
161,N(C(=O)COC(C)C)CCCCCCN[C@@H]1C(=O)N(C)CCC1,CC(C)OCC(=O)NCCCCCCN[C@H]1CCCN(C)C1=O,CC(C)OCC(=O)NCCCCCCN[C@H]1CCCN(C)C1=O,True
162,C1N(CCCCCC)CCN(CCN(CCC)CCC)C1,CCCCCCN1CCN(CCN(CCC)CCC)CC1,CCCCCCN1CCN(CCN(CCC)CCC)CC1,True
163,c1cc(F)ccc1CCC(=O)NC(CF)CF,O=C(CCc1ccc(F)cc1)NC(CF)CF,O=C(CCc1ccc(F)cc1)NC(CF)CF,True
164,O1[C@@H](CCN2C[C@H]3N(C(=O)CCCCC)CC[C@H]3C2)CCC1,CCCCCC(=O)N1CC[C@H]2CN(CC[C@H]3CCCO3)C[C@H]21,CCCCCC(=O)N1CC[C@H]2CN(CC[C@H]3CCCO3)C[C@H]21,True
165,N([C@H]1[C@H](C)CN(C([C@H](OC)CCC)=O)C1)Cc1nnc(C)n1CCC,CCC[C@@H](OC)C(=O)N1C[C@@H](NCc2nnc(C)n2CCC)[C@H](C)C1,CCC[C@H](NCc1nnc(C)n1C[C@@H](C)NC(=O)[C@@H]1CCC1)C(OC)CC,False
166,C1CN(c2ncccc2-c2noc(-c3cc(C)cc4c[nH]nc43)n2)CCC1C(=O)N,Cc1cc(-c2nc(-c3cccnc3N3CCC(C(N)=O)CC3)no2)c2n[nH]cc2c1,Cc1cc(-c2n[nH]c3nc(-c4cccnc4N4CCC(C(N)=O)CC4)nc23)cc(C)c1,False
167,O=C(c1cc(OC(F)F)c(OC(F)F)cc1)N1[C@@H]2C[C@@H](NC(=O)c3c[nH]c(=O)cn3)C[C@H]1CC2,O=C(N[C@@H]1C[C@@H]2CC[C@H](C1)N2C(=O)c1ccc(OC(F)F)c(OC(F)F)c1)c1c[nH]c(=O)cn1,O=C(N[C@@H]1C[C@@H]2CC[C@H](C1)N2C(=O)c1ccc(OC(F)F)c(OC(F)F)c1)c1c[nH]c(=O)cn1,True
168,C1[C@@H]2[C@H](CNC([C@H]3COc4ccccc4O3)=O)OC[C@@H]2CCN1C(=O)[C@@H]1[C@H](c2ccc(OC)cc2)C1,COc1ccc([C@@H]2C[C@@H]2C(=O)N2CC[C@H]3CO[C@@H](CNC(=O)[C@H]4COc5ccccc5O4)[C@H]3C2)cc1,COc1ccc([C@@H]2C[C@@H]2C(=O)N2CC[C@H]3CO[C@@H](CNC(=O)[C@H]4COc5ccccc5O4)[C@H]3C2)cc1,True
169,c1(C#N)ccc(N(C(CC[C@@H]2C[C@H](C(=O)O)CO2)=O)C)cn1,CN(C(=O)CC[C@@H]1C[C@H](C(=O)O)CO1)c1ccc(C#N)nc1,CN(C(=O)CC[C@@H]1C[C@H](C(=O)O)CO1)c1ccc(C#N)nc1,True
170,CCN(CC)C(=O)[C@H](Cc1ccccc1)NC(c1cc(Cl)c(Cl)[nH]1)=O,CCN(CC)C(=O)[C@H](Cc1ccccc1)NC(=O)c1cc(Cl)c(Cl)[nH]1,CCN(CC)C(=O)[C@H](Cc1ccccc1)NC(=O)c1cc(Cl)c(Cl)[nH]1,True
171,N1(C(=O)NCCCCCC(=O)O)CCC(N2CCCC2)(C)CC1,CC1(N2CCCC2)CCN(C(=O)NCCCCCC(=O)O)CC1,CC1(N2CCCC2)CCN(C(=O)NCCCCCC(=O)O)CC1,True
172,[C@H]1(NC(c2n[nH]c3c2CN(C(OC(C)(C)C)=O)C3)=O)C[C@@H]2N(C(=O)[C@@H](OCC#C)C)[C@@H](CC2)C1,C#CCO[C@@H](C)C(=O)N1[C@H]2CC[C@@H]1C[C@H](NC(=O)c1n[nH]c3c1CN(C(=O)OC(C)(C)C)C3)C2,C#CCO[C@@H](C)C(=O)N1[C@H]2CC[C@@H]1C[C@H](NC(=O)c1n[nH]c3c1CN(C(=O)OC(C)(C)C)C3)C2,True
173,N(C1=CCOCC1)c1cc(-c2ccncc2)ccc1,C1=C(Nc2cccc(-c3ccncc3)c2)CCOC1,C1=C(Nc2cccc(-c3ccncc3)c2)CCOC1,True
174,C1CCCC(O)(C#CC(=O)NC[C@]23CN(C(Cc4n[nH]cc4)=O)CC[C@H]2OCCC3)C1,O=C(C#CC1(O)CCCCC1)NC[C@@]12CCCO[C@@H]1CCN(C(=O)Cc1cc[nH]n1)C2,O=C(C#CC1(O)CCCCC1)NC[C@@]12CCCO[C@@H]1CCN(C(=O)Cc1cc[nH]n1)C2,True
175,c1ncccc1[C@@H]1[C@H](CNC(=O)c2c[nH]c(=O)cn2)CCN1C(c1cc(O)cc([N+]([O-])=O)c1)=O,O=C(NC[C@@H]1CCN(C(=O)c2cc(O)cc([N+](=O)[O-])c2)[C@@H]1c1cccnc1)c1c[nH]c(=O)cn1,O=C(NC[C@@H]1CCN(C(=O)c2cc(O)cc([N+](=O)[O-])c2)[C@@H]1c1cccnc1)c1c[nH]c(=O)cn1,True
176,c1c(C2(NC(=O)NCCCCCS(C)(=O)=O)CCCC2)cc(C)cc1,Cc1cccc(C2(NC(=O)NCCCCCS(C)(=O)=O)CCCC2)c1,Cc1cccc(C2(NC(=O)NCCCCCS(C)(=O)=O)CCCC2)c1,True
177,C([C@H](c1ccc(Cl)cc1)C(NC[C@@H]1OC[C@H]2[C@@H]1CN(C(=O)CN1C(=O)NC(=O)C1)CC2)=O)(C)C,CC(C)[C@@H](C(=O)NC[C@@H]1OC[C@@H]2CCN(C(=O)CN3CC(=O)NC3=O)C[C@@H]21)c1ccc(Cl)cc1,CC(C)[C@@H](C(=O)NC[C@@H]1OC[C@@H]2CCN(C(=O)CN3CC(=O)NC3=O)C[C@@H]21)c1ccc(Cl)cc1,True
178,s1c(CNC(=S)NCC(C)(C)OC)ccc1,COC(C)(C)CNC(=S)NCc1cccs1,COC(C)(C)CNC(=S)NCc1cccs1,True
179,n1c(OC)cc(OC)nc1C(=O)NCC1(C2CC2)CCC1,COc1cc(OC)nc(C(=O)NCC2(C3CC3)CCC2)n1,COc1cc(OC)nc(C(=O)NCC2(C3CC3)CCC2)n1,True
180,C(C(=O)N[C@@H]1CN(C(=O)[C@@H]2[C@H](C(N)=O)C2)C[C@H]1C(F)(F)F)=C1CCC1,NC(=O)[C@@H]1C[C@@H]1C(=O)N1C[C@@H](NC(=O)C=C2CCC2)[C@H](C(F)(F)F)C1,NC(=O)[C@@H]1C[C@@H]1C(=O)N1C[C@@H](NC(=O)C=C2CCC2)[C@H](C(F)(F)F)C1,True
181,C1(=O)N(Nc2cccc(C(N3[C@H](C)CC[C@@H]3C)=O)c2)C(=O)[C@H]2CC=CC[C@@H]12,C[C@H]1CC[C@@H](C)N1C(=O)c1cccc(NN2C(=O)[C@H]3CC=CC[C@H]3C2=O)c1,C[C@H]1CC[C@@H](C)N1C(=O)c1cccc(NN2C(=O)[C@H]3CC=CC[C@H]3C2=O)c1,True
182,N(c1c(C)n(C)nc1C)C([C@H](OC(=O)Cc1sc(Cl)cc1)C)=O,Cc1nn(C)c(C)c1NC(=O)[C@@H](C)OC(=O)Cc1ccc(Cl)s1,Cc1nn(C)c(C)c1NC(=O)[C@@H](C)OC(=O)Cc1ccc(Cl)s1,True
183,CC(Cn1nc(C(F)F)c(C(N2CCC[C@](C)(C(=O)OC)C2)=O)c1)C,COC(=O)[C@@]1(C)CCCN(C(=O)c2cn(CC(C)C)nc2C(F)F)C1,COC(=O)[C@@]1(C)CCCN(C(=O)c2cn(CC(C)C)nc2C(F)F)C1,True
184,Cn1nccc1C(=O)NC[C@@H]1OC[C@H]2[C@@H]1CN(C(=O)CN1CCN(C(=O)OC(C)(C)C)CC1)CC2,Cn1nccc1C(=O)NC[C@@H]1OC[C@@H]2CCN(C(=O)CN3CCN(C(=O)OC(C)(C)C)CC3)C[C@@H]21,Cn1nccc1C(=O)NC[C@@H]1OC[C@@H]2CCN(C(=O)CN3CCN(C(=O)OC(C)(C)C)CC3)C[C@@H]21,True
185,C1C(C)(C)C(=O)Nc2cc(NC(=O)NCC3(COC)CCC3)ccc2O1,COCC1(CNC(=O)Nc2ccc3c(c2)NC(=O)C(C)(C)CO3)CCC1,COCC1(CNC(=O)Nc2ccc3c(c2)NC(=O)C(C)(C)CO3)CCC1,True
186,n1cccc([C@@H]2[C@H](CNC(=O)CNC(=O)c3occc3)CCN2C(=O)CCc2cccc(OC)n2)c1,COc1cccc(CCC(=O)N2CC[C@@H](CNC(=O)CNC(=O)c3ccco3)[C@H]2c2cccnc2)n1,COc1cccc(CCC(=O)N2CC[C@@H](CNC(=O)CNC(=O)c3ccco3)[C@H]2c2cccnc2)n1,True
187,c12c(C)c(-c3n[nH]nn3)c(SCCOCC3CC3)nc1CCC2,Cc1c2c(nc(SCCOCC3CC3)c1-c1nn[nH]n1)CCC2,Cc1c(SCCOCC2CC2)nc2c(-c3nn[nH]n3)c(C3CC3)c12,False
188,C1Cc2c(cccc2)N1S(=O)(=O)c1ccc(OCC(=O)Nc2cccc(-c3nc(C)cc(=O)[nH]3)c2)c(Cl)c1,Cc1cc(=O)[nH]c(-c2cccc(NC(=O)COc3ccc(S(=O)(=O)N4CCc5ccccc54)cc3Cl)c2)n1,Cc1cc(=O)[nH]c(-c2ccc(NC(=O)COc3ccccc3S(=O)(=O)N3CCc4ccccc43)cc2Cl)n1,False
189,C(CN(CC)C(=O)C=C1CCC1)(C)=C,C=C(C)CN(CC)C(=O)C=C1CCC1,C=C(C)CN(CC)C(=O)C=C1CCC1,True
190,[C@@H]12CC[C@@H](N1C(c1ccc3cncn3c1)=O)C[C@H](NC(=O)CNC(=O)c1occc1)C2,O=C(CNC(=O)c1ccco1)N[C@@H]1C[C@@H]2CC[C@H](C1)N2C(=O)c1ccc2cncn2c1,O=C(CNC(=O)c1ccco1)N[C@@H]1C[C@@H]2CC[C@H](C1)N2C(=O)c1ccc2cncn2c1,True
191,C(NC(C[C@@H]1CCCCO1)=O)[C@H]1[C@H]2CN(C([C@@](OC)(C)c3c4c(ccc3)cccc4)=O)CC[C@H]2CO1,CO[C@@](C)(C(=O)N1CC[C@H]2CO[C@@H](CNC(=O)C[C@@H]3CCCCO3)[C@H]2C1)c1cccc2ccccc12,CO[C@](C)(C(=O)N1CC[C@H]2CO[C@@H](CNC(=O)C[C@@H]3CCCCO3)[C@H]2C1)c1cccc2ccccc12,False
192,C(=O)(N1C[C@@H]2C3CCC([C@@H]2C1)CC3)C1CCN(C(N2CCCC2)=O)CC1,O=C(C1CCN(C(=O)N2CCCC2)CC1)N1C[C@H]2C3CCC(CC3)[C@H]2C1,O=C(C1CCN(C(=O)C2C[C@H]3CCC[C@H]23)CC1)N1CCN2CCCC2C1,False
193,c1ccccc1[C@@H](CCn1c(N(CCN2C[C@H](C)O[C@H](C)C2)C)nnc1[C@@H]1CCO[C@H]1C(C)(C)C)C,C[C@H]1CN(CCN(C)c2nnc([C@@H]3CCO[C@H]3C(C)(C)C)n2CC[C@@H](C)c2ccccc2)C[C@@H](C)O1,C[C@H]1CN(CCn2c([C@@H]3CCO[C@H]3C(C)(C)C)nnc2N(C)C[C@@H](C)c2ccccc2)C[C@@H](C)O1,False
194,FC(F)(c1ccc(C#CCNC(N[C@H]2CN(CCN3CCOCC3)CC2)=O)cc1)F,O=C(NCC#Cc1ccc(C(F)(F)F)cc1)N[C@@H]1CCN(CCN2CCOCC2)C1,O=C(NCC#Cc1ccc(C(F)(F)F)cc1)N[C@@H]1CCN(CCN2CCOCC2)C1,True
195,O(c1ccc([C@H](C)C(=O)N[C@H]2[C@@H]3COC[C@H]2CN(C(c2cc4c(cc2)nccc4)=O)C3)cc1)C,COc1ccc([C@H](C)C(=O)N[C@@H]2[C@H]3COC[C@@H]2CN(C(=O)c2ccc4ncccc4c2)C3)cc1,COc1ccc([C@H](C)C(=O)N[C@@H]2[C@H]3COC[C@@H]2CN(C(=O)c2ccc4ncccc4c2)C3)cc1,True
196,c1(CCC(=O)N[C@H]2CC[C@](O)(C(F)(F)F)C2)c(C)nc2ncnn2c1C,Cc1nc2ncnn2c(C)c1CCC(=O)N[C@H]1CC[C@](O)(C(F)(F)F)C1,Cc1nc2ncnn2c(C)c1CCC(=O)N[C@H]1CC[C@](O)(C(F)(F)F)C1,True
197,N#CC1(c2ccc(-c3cc(COC)ccc3)cc2)CC1,COCc1cccc(-c2ccc(C3(C#N)CC3)cc2)c1,COCc1cccc(-c2ccc(C3(C#N)CC3)cc2)c1,True
198,C1(F)(C(=O)NCCC2CCC(F)(F)CC2)CCCC1,O=C(NCCC1CCC(F)(F)CC1)C1(F)CCCC1,O=C(NCCC1CCC(F)(F)CC1)C1(F)CCCC1,True
199,c1(-c2occc2)oc(NC(CSc2ccc(C(C)=O)cc2OC)=O)nn1,COc1cc(C(C)=O)ccc1SCC(=O)Nc1nnc(-c2ccco2)o1,COc1cc(C(C)=O)ccc1SCC(=O)Nc1nnc(-c2ccco2)o1,True
200,C1OCCC(C[C@@H](CO)CNc2c(F)cc(S(N)(=O)=O)cc2Br)C1,NS(=O)(=O)c1cc(F)c(NC[C@H](CO)CC2CCOCC2)c(Br)c1,NS(=O)(=O)c1cc(F)c(NC[C@H](CO)CC2CCOCC2)c(Br)c1,True
201,c1cc(-n2cncn2)ncc1Cn1c([C@H](NS(=O)(=O)C)C)nnc1N1CCC[C@H](CC)C1,CC[C@H]1CCCN(c2nnc([C@@H](C)NS(C)(=O)=O)n2Cc2ccc(-n3cncn3)nc2)C1,CC[C@H]1CCCN(c2nnc([C@@H](C)NS(C)(=O)=O)n2Cc2ccc(-n3cncn3)nc2)C1,True
202,[C@@H]1(c2ccccn2)[C@@H](C(=O)OC(C)(C)C)[C@@](C)(O)CC(=O)[C@H]1C(OC(C)(C)C)=O,CC(C)(C)OC(=O)[C@@H]1C(=O)C[C@](C)(O)[C@H](C(=O)OC(C)(C)C)[C@H]1c1ccccn1,CC(C)(C)OC(=O)[C@@H]1C(=O)C[C@](C)(O)[C@H](C(=O)OC(C)(C)C)[C@H]1c1ccccn1,True
203,N(C[C@H]1CN(Cc2ccccc2)C[C@H]1C)C(=O)N[C@H]1CN(Cc2ccccc2)C[C@H]1C,C[C@@H]1CN(Cc2ccccc2)C[C@@H]1CNC(=O)N[C@H]1CN(Cc2ccccc2)C[C@H]1C,C[C@@H]1CN(Cc2ccccc2)C[C@@H]1NC(=O)NC[C@H]1CN(Cc2ccccc2)C[C@H]1C,False
204,c1ccc([C@@H]2C[C@H]2C(=O)N([C@H](C)CNC(c2cccnc2)=O)C)c(F)c1,C[C@H](CNC(=O)c1cccnc1)N(C)C(=O)[C@@H]1C[C@H]1c1ccccc1F,C[C@@H](CNC(=O)c1cccnc1F)N(C)C(=O)[C@@H]1C[C@H]1c1ccccc1,False
205,c1ccccc1Oc1ccccc1NC(=O)CN1C[C@H](C)[C@H](C)C1,C[C@@H]1CN(CC(=O)Nc2ccccc2Oc2ccccc2)C[C@@H]1C,C[C@@H]1CN(CC(=O)Nc2ccccc2Oc2ccccc2)C[C@@H]1C,True
206,O1CCOc2ccc(NC(=S)N(CC)[C@@H](CS(=O)(=O)CC)C)cc21,CCN(C(=S)Nc1ccc2c(c1)OCCO2)[C@H](C)CS(=O)(=O)CC,CCN(C(=S)Nc1ccc2c(c1)OCCO2)[C@H](C)CS(=O)(=O)CC,True
207,c1cc(Cn2c(N(C)CCn3nccc3)nnc2[C@@H]2CCC(=O)N2)ccc1COCC(F)(F)F,CN(CCn1cccn1)c1nnc([C@@H]2CCC(=O)N2)n1Cc1ccc(COCC(F)(F)F)cc1,CN(CCn1cccn1)c1nnc([C@@H]2CCC(=O)N2)n1Cc1ccc(COCC(F)(F)F)cc1,True
208,N(c1cc([C@H]2N(C([C@H](C)N3C[C@@H]4C[C@H]4C3)=O)CCCC2)[nH]n1)C([C@H]1CC=CC[C@H]1C(OC)=O)=O,COC(=O)[C@@H]1CC=CC[C@@H]1C(=O)Nc1cc([C@@H]2CCCCN2C(=O)[C@H](C)N2C[C@@H]3C[C@H]3C2)[nH]n1,O=C(Nc1cc([C@@H]2CCCCN2C(=O)[C@H](C)N2CCOCC2)[nH]n1)[C@H]1C[C@H]2C=C[C@H]1C2,False
209,n1cc([C@H]2N(C(c3cccc4c3CCCC4)=O)CC[C@H]2CNC([C@@H]2[C@H](c3ccccc3)C2)=O)ccc1,O=C(NC[C@@H]1CCN(C(=O)c2cccc3c2CCCC3)[C@@H]1c1cccnc1)[C@H]1C[C@H]1c1ccccc1,O=C(NC[C@@H]1CCN(C(=O)c2cccc3c2CCCC3)[C@@H]1c1cccnc1)[C@H]1C[C@H]1c1ccccc1,True
210,C[C@H](Cc1cc(F)c(OC)cc1)CN[C@H](c1ccc(OC)cc1)C(O)=O,COc1ccc([C@@H](NC[C@H](C)Cc2ccc(OC)c(F)c2)C(=O)O)cc1,COc1ccc([C@@H](NC[C@H](C)Cc2ccc(OC)c(F)c2)C(=O)O)cc1,True
211,C(=O)(N)C1CCN(Cc2ccc(CNC(=O)N3CC(C4CC4)(F)C3)cc2)CC1,NC(=O)C1CCN(Cc2ccc(CNC(=O)N3CC(F)(C4CC4)C3)cc2)CC1,NC(=O)C1CCN(Cc2ccc(CNC(=O)N3CC(F)(C4CC4)C3)cc2)CC1,True
212,c1cc(OCc2ccccc2CNC(COC(=O)c2nc(-c3ncccc3)sc2)=O)ccc1,O=C(COC(=O)c1csc(-c2ccccn2)n1)NCc1ccccc1COc1ccccc1,O=C(COC(=O)c1csc(-c2ccccn2)n1)NCc1ccccc1OCc1ccccc1,False
213,C[C@H]1CC(=O)N[C@@H](C(N2C[C@@H](C)[C@H](NC(=O)c3cc(C(F)F)ccc3)C2)=O)C1,C[C@H]1CC(=O)N[C@@H](C(=O)N2C[C@@H](NC(=O)c3cccc(C(F)F)c3)[C@H](C)C2)C1,C[C@H]1CC(=O)N[C@@H](C(=O)N2C[C@@H](NC(=O)c3cccc(C(F)F)c3)[C@H](C)C2)C1,True
214,C(Cn1c2c(cccc2)nc1)CNC(=O)c1[nH]c2c(c1Cl)cccc2,O=C(NCCCn1cnc2ccccc21)c1[nH]c2ccccc2c1Cl,O=C(NCCCn1cnc2ccccc21)c1[nH]c2ccccc2c1Cl,True
215,c1(CN(C(=O)NCC[C@H](C)N(C)C(OC(C)(C)C)=O)CC(C)C)cc(OC)ccc1,COc1cccc(CN(CC(C)C)C(=O)NCC[C@H](C)N(C)C(=O)OC(C)(C)C)c1,COc1cccc(CN(CC(C)C)C(=O)NCC[C@H](C)N(C)C(=O)OC(C)(C)C)c1,True
216,C(C)N(S(=O)(=O)c1ccc(OCC)c(NC(c2cc(F)c(F)cc2)=O)c1)CC,CCOc1ccc(S(=O)(=O)N(CC)CC)cc1NC(=O)c1ccc(F)c(F)c1,CCOc1ccc(S(=O)(=O)N(CC)CC)cc1NC(=O)c1ccc(F)c(F)c1,True
217,N1(C(=O)c2cc(C(F)(F)F)cc(Cl)c2)CCC(Oc2ncccc2)CC1,O=C(c1cc(Cl)cc(C(F)(F)F)c1)N1CCC(Oc2ccccn2)CC1,O=C(c1cc(Cl)cc(C(F)(F)F)c1)N1CCC(Oc2ccccn2)CC1,True
218,C1[C@H]2C[C@@H](NC([C@H](C)c3ccc(OC)cc3)=O)C[C@@H](C1)N2C(c1c(C)n2nc(C)cc2nn1)=O,COc1ccc([C@@H](C)C(=O)N[C@@H]2C[C@@H]3CC[C@H](C2)N3C(=O)c2nnc3cc(C)nn3c2C)cc1,COc1ccc([C@@H](C)C(=O)N[C@@H]2C[C@@H]3CC[C@H](C2)N3C(=O)c2nnc3cc(C)nn3c2C)cc1,True
219,c1(CNC(Nc2c(Cl)cc(F)c(C)c2)=O)c(OC)cccc1OC,COc1cccc(OC)c1CNC(=O)Nc1cc(C)c(F)cc1Cl,COc1cccc(OC)c1CNC(=O)Nc1cc(C)c(F)cc1Cl,True
220,O1CCC([C@H]2CN([C@H](C)c3n[nH]c(C)n3)CCCC2)CC1,Cc1nc([C@@H](C)N2CCCC[C@@H](C3CCOCC3)C2)n[nH]1,Cc1nc([C@@H](C)N2CCCC[C@@H](C3CCOCC3)C2)n[nH]1,True
221,N1(C2CCCCC2)C(=O)c2c(ccc(C(=O)N[C@](C3CCCCC3)(C#N)C)c2)C1=O,C[C@@](C#N)(NC(=O)c1ccc2c(c1)C(=O)N(C1CCCCC1)C2=O)C1CCCCC1,C[C@](C#N)(NC(=O)c1ccc2c(c1)C(=O)N(C1CCCCC1)C2=O)C1CCCCC1,False
222,c12[nH]ccc(=O)n1ncc2C(=O)N[C@H]1[C@H](C)CN(C([C@@H]2O[C@H](C)CC2)=O)C1,C[C@@H]1CC[C@H](C(=O)N2C[C@@H](NC(=O)c3cnn4c(=O)cc[nH]c34)[C@H](C)C2)O1,C[C@@H]1CC[C@H](C(=O)N2C[C@@H](NC(=O)c3cnn4c(=O)cc[nH]c34)[C@H](C)C2)O1,True
223,c1c(C(=O)Nc2nc3c(s2)C[C@@H](NC(Cc2c(F)ccc([N+](=O)[O-])c2)=O)CC3)c(C)cc(OC)c1,COc1ccc(C(=O)Nc2nc3c(s2)C[C@@H](NC(=O)Cc2cc([N+](=O)[O-])ccc2F)CC3)c(C)c1,COc1ccc(C(=O)Nc2nc3c(s2)C[C@@H](NC(=O)Cc2cc([N+](=O)[O-])ccc2F)CC3)c(C)c1,True
224,[C@H](NC(Nc1ccc(-c2nnnn2C)cc1)=O)(C)c1n[nH]cn1,C[C@H](NC(=O)Nc1ccc(-c2nnnn2C)cc1)c1nc[nH]n1,C[C@H](NC(=O)Nc1ccc(-c2nnnn2C)cc1)c1nc[nH]n1,True
225,C1CC1C#CC(=O)N1C[C@H]2[C@@H](NC(=O)Cc3cc(F)cc(F)c3)[C@H](COC2)C1,O=C(Cc1cc(F)cc(F)c1)N[C@@H]1[C@H]2COC[C@@H]1CN(C(=O)C#CC1CC1)C2,O=C(Cc1cc(F)cc(F)c1)N[C@@H]1[C@H]2COC[C@@H]1CN(C(=O)C#CC1CC1)C2,True
226,O=[S@](C)CCCNCc1sccc1Br,C[S@@](=O)CCCNCc1sccc1Br,C[S@@](=O)CCCNCc1sccc1Br,True
227,C1COCCC12CCN(CCC[C@@H](O)C)[C@H]2C,C[C@H](O)CCCN1CCC2(CCOCC2)[C@@H]1C,C[C@H](O)CCCN1CCC2(CCOCC2)[C@@H]1C,True
228,N(C(C(=O)OC)(C)C)C([C@H]1[C@H](C)[C@@H](C)O[C@H]1C)=O,COC(=O)C(C)(C)NC(=O)[C@@H]1[C@H](C)O[C@H](C)[C@H]1C,COC(=O)C(C)(C)NC(=O)[C@@H]1[C@H](C)O[C@@H](C)[C@H]1C,False
229,C(N(CC(=O)N1CCO[C@]2(CN(C(CCC=C(C)C)=O)CC2)C1)C1CC1)(OC(C)(C)C)=O,CC(C)=CCCC(=O)N1CC[C@@]2(C1)CN(C(=O)CN(C(=O)OC(C)(C)C)C1CC1)CCO2,CC(C)=CCCC(=O)N1CC[C@@]2(C1)CN(C(=O)CN(C(=O)OC(C)(C)C)C1CC1)CCO2,True
230,[C@@H]1(NC(c2cncc(F)c2)=O)[C@@H]2CN(C(=O)[C@@H]3CCCN3C(c3ccc(F)cc3)=O)C[C@H]1COC2,O=C(N[C@@H]1[C@H]2COC[C@@H]1CN(C(=O)[C@@H]1CCCN1C(=O)c1ccc(F)cc1)C2)c1cncc(F)c1,O=C(N[C@@H]1[C@H]2COC[C@@H]1CN(C(=O)[C@@H]1CCCN1C(=O)c1ccc(F)cc1)C2)c1cncc(F)c1,True
231,C1(n2nnnc2CN([C@H](C)CNC([C@@H]2C[C@H]2C2CCC2)=O)CC)CC1,CCN(Cc1nnnn1C1CC1)[C@H](C)CNC(=O)[C@@H]1C[C@H]1C1CCC1,CCN(Cc1nnnn1C1CC1)[C@H](C)CNC(=O)[C@@H]1C[C@H]1C1CCC1,True
232,N(C[C@@H](CC)Nc1cc(Cl)c(O)nn1)C([C@@H](C)CC(C)C)=O,CC[C@H](CNC(=O)[C@@H](C)CC(C)C)Nc1cc(Cl)c(O)nn1,CC[C@H](CNC(=O)[C@@H](C)CC(C)C)Nc1cc(Cl)c(O)nn1,True
233,C1C[C@H]2[C@H]3[C@H]([C@@H]3C(N3C[C@H](N[C@H]4C(=O)N(CC)CC4)CCC3)=O)[C@@H]1C2,CCN1CC[C@@H](N[C@@H]2CCCN(C(=O)[C@@H]3[C@H]4[C@@H]5CC[C@@H](C5)[C@H]43)C2)C1=O,CCN1CC[C@@H](N[C@@H]2CCCN(C(=O)[C@@H]3[C@H]4[C@@H]5CC[C@@H](C5)[C@H]43)C2)C1=O,True
234,N(C(=O)N1C[C@@H]2[C@H](C1)C2(C)C)CCCc1ccc(OC)c(OCC)c1,CCOc1cc(CCCNC(=O)N2C[C@H]3[C@@H](C2)C3(C)C)ccc1OC,CCOc1cc(CCCNC(=O)N2C[C@H]3[C@@H](C2)C3(C)C)ccc1OC,True
235,Cc1cc(NC(=O)CCCC2CC2)sn1,Cc1cc(NC(=O)CCCC2CC2)sn1,Cc1cc(NC(=O)CCCC2CC2)sn1,True
236,n12cccc1CN(CC(NCC1CC1)=O)CC2,O=C(CN1CCn2cccc2C1)NCC1CC1,O=C(CN1CCn2cccc2C1)NCC1CC1,True
237,c1ccc(NC(=O)CNCC(C)C)c(NS(=O)(c2ccc(F)cc2)=O)c1,CC(C)CNCC(=O)Nc1ccccc1NS(=O)(=O)c1ccc(F)cc1,CC(C)CNCC(=O)Nc1ccccc1NS(=O)(=O)c1ccc(F)cc1,True
238,C(N(C)[C@@H](Cc1ccccc1OC)C)(=O)c1cc([N+](=O)[O-])c(C)c(OC)c1,COc1ccccc1C[C@@H](C)N(C)C(=O)c1cc(OC)c(C)c([N+](=O)[O-])c1,COc1ccccc1C[C@@H](C)N(C)C(=O)c1cc(OC)c(C)c([N+](=O)[O-])c1,True
239,c1cc(N(CCn2c(C(NC(C)C)=O)nnc2N2CCN(c3nc(C(C)C)ccn3)CC2)C)ccc1,CC(C)NC(=O)c1nnc(N2CCN(c3nccc(C(C)C)n3)CC2)n1CCN(C)c1ccccc1,CC(C)NC(=O)c1nnc(N2CCN(c3nccc(C(C)C)n3)CC2)n1CCN(C)c1ccccc1,True
240,C(CCN1C(=O)c2c(cccc2)C1=O)C(=O)N[C@H]1C[C@H]2CC[C@@H](C1)N2C([C@H](CN(CC)CC)C)=O,CCN(CC)C[C@H](C)C(=O)N1[C@H]2CC[C@@H]1C[C@H](NC(=O)CCCN1C(=O)c3ccccc3C1=O)C2,CCN(CC)C[C@H](C)C(=O)N1[C@H]2CC[C@@H]1C[C@H](NC(=O)CCCN1C(=O)c3ccccc3C1=O)C2,True
241,C(C)(C)(C)OC(N1C[C@]2(CCC[C@@H]2C(N2CC3(CCCN3C(c3ccno3)=O)C2)=O)CC1)=O,CC(C)(C)OC(=O)N1CC[C@@]2(CCC[C@@H]2C(=O)N2CC3(CCCN3C(=O)c3ccno3)C2)C1,CC(C)(C)OC(=O)N1CC[C@@]2(CCC[C@@H]2C(=O)N2CC3(CCCN3C(=O)c3ccno3)C2)C1,True
242,N(C(=O)c1cc2ncccn2n1)(CC)[C@H](C)CNC(CC(C)C)=O,CCN(C(=O)c1cc2ncccn2n1)[C@H](C)CNC(=O)CC(C)C,CCN(C(=O)c1cc2ncccn2n1)[C@H](C)CNC(=O)CC(C)C,True
243,c1cccc(COC(=O)N2C[C@@H](C(N3[C@H]4[C@H](CC[C@@H]3C)O[C@H](C(OC)=O)C4)=O)CC2)c1,COC(=O)[C@@H]1C[C@@H]2[C@H](CC[C@H](C)N2C(=O)[C@H]2CCN(C(=O)OCc3ccccc3)C2)O1,COC(=O)[C@@H]1C[C@@H]2[C@H](CC[C@H]2C(=O)N2CCN(C(=O)OCc3ccccc3)CC2)[C@H](C)O1,False
244,CNS([C@H]1CCN(C(C(=O)N[C@@H](c2n(C3CC3)nnn2)C)=O)C1)(=O)=O,CNS(=O)(=O)[C@H]1CCN(C(=O)C(=O)N[C@H](C)c2nnnn2C2CC2)C1,CNS(=O)(=O)[C@H]1CCN(C(=O)C(=O)N[C@H](C)c2nnnn2C2CC2)C1,True
245,[nH]1nc(NC(CSc2c(Br)cccn2)=O)nn1,O=C(CSc1ncccc1Br)Nc1nn[nH]n1,O=C(CSc1ncccc1Br)Nc1nn[nH]n1,True
246,C(N1C[C@@H](N(Cc2cnon2)C)CC1)(CCCCC(NC)=O)=O,CNC(=O)CCCCC(=O)N1CC[C@H](N(C)Cc2cnon2)C1,CNC(=O)CCCCC(=O)N1CC[C@H](N(C)Cc2cnon2)C1,True
247,c1(CN2C[C@@H](C)O[C@@H](C)C2)scc(I)c1,C[C@H]1CN(Cc2cc(I)cs2)C[C@@H](C)O1,C[C@H]1CN(Cc2cc(I)cs2)C[C@@H](C)O1,True
248,c1c(COCCNc2sccn2)ccc(OC)c1,COc1ccc(COCCNc2nccs2)cc1,COc1ccc(COCCNc2nccs2)cc1,True
249,C1(=O)N(c2ccc([C@@H](C)NC(=O)NCC(C)([C@]3(O)COCCC3)C)cc2)CCCO1,C[C@@H](NC(=O)NCC(C)(C)[C@@]1(O)CCCOC1)c1ccc(N2CCCOC2=O)cc1,C[C@@H](NC(=O)NCC(C)(C)[C@@]1(O)CCCOC1)c1ccc(N2CCCOC2=O)cc1,True
250,c1(NC([C@]2(O)CSCC2)=O)sc(C(C)C)cn1,CC(C)c1cnc(NC(=O)[C@@]2(O)CCSC2)s1,CC(C)c1cnc(NC(=O)[C@@]2(O)CCSC2)s1,True
251,C1[C@H](c2nc(CCc3c(C)noc3C)on2)c2ccccc2CC1,Cc1noc(C)c1CCc1nc([C@H]2CCCc3ccccc32)no1,Cc1noc(C)c1CCc1nc([C@H]2CCCc3ccccc32)no1,True
252,C1[C@@H]2N(C([C@H]3[C@H]4CCOC[C@H]4CO3)=O)[C@@H](C[C@H]2NC(c2c(C)cc(C)nc2C)=O)C1,Cc1cc(C)c(C(=O)N[C@@H]2C[C@H]3CC[C@@H]2N3C(=O)[C@@H]2OC[C@@H]3COCC[C@@H]32)c(C)n1,Cc1cc(C)c(C(=O)N[C@@H]2C[C@H]3CC[C@@H]2N3C(=O)[C@@H]2OC[C@@H]3COCC[C@@H]32)c(C)n1,True
253,n1(C)ncc(C(=O)N2[C@@H]3CC[C@H]2C[C@@H](CNC([C@@H]2C[C@H]2[N+]([O-])=O)=O)C3)n1,Cn1ncc(C(=O)N2[C@H]3CC[C@@H]2C[C@H](CNC(=O)[C@@H]2C[C@H]2[N+](=O)[O-])C3)n1,Cn1ncc(C(=O)N2[C@H]3CC[C@@H]2C[C@H](CNC(=O)[C@@H]2C[C@H]2[N+](=O)[O-])C3)n1,True
254,C1CCC(NC(=O)OC(C)(C)C)(C(N2C[C@@H](O)C[C@@H](C(=O)OC)C2)=O)C1,COC(=O)[C@@H]1C[C@H](O)CN(C(=O)C2(NC(=O)OC(C)(C)C)CCCC2)C1,COC(=O)[C@@H]1C[C@H](O)CN(C(=O)C2(NC(=O)OC(C)(C)C)CCCC2)C1,True
255,S(=O)(N1C[C@@H](C(OC)=O)CC[C@H]1C(=O)OC)(c1ccc(C)c(N(C)C)c1)=O,COC(=O)[C@H]1CC[C@@H](C(=O)OC)N(S(=O)(=O)c2ccc(C)c(N(C)C)c2)C1,COC(=O)[C@H]1CC[C@@H](C(=O)OC)N(S(=O)(=O)c2ccc(C)c(C)c2)C1,False
256,c12cc(NC(=O)C(N3CCC[C@@H]3CO)=O)ccc1OC(F)(F)O2,O=C(Nc1ccc2c(c1)OC(F)(F)O2)C(=O)N1CCC[C@@H]1CO,O=C(Nc1ccc2c(c1)OC(F)(F)O2)C(=O)N1CCC[C@@H]1CO,True
257,c1nc(-c2ccccc2)oc1C(N[C@H]1CCCN(CCCO)[C@@H]1C)=O,C[C@@H]1[C@@H](NC(=O)c2cnc(-c3ccccc3)o2)CCCN1CCCO,C[C@@H]1[C@@H](NC(=O)c2cnc(-c3ccccc3)o2)CCCN1CCCO,True
258,c12c(c(C)cc(-c3ccc(N)c(OC)c3)c1)nccc2,COc1cc(-c2cc(C)c3ncccc3c2)ccc1N,COc1cc(-c2cc(C)c3cccnc3c2)ccc1N,False
259,O=C(N(CC(O[C@@H](C(=O)O)c1cccc(C#N)c1)=O)C)C1CC1,CN(CC(=O)O[C@@H](C(=O)O)c1cccc(C#N)c1)C(=O)C1CC1,CN(CC(=O)O[C@@H](C(=O)O)c1cccc(C#N)c1)C(=O)C1CC1,True
260,C(C)(C)(OC(=O)Nc1cc(C(=O)N2C[C@H]3[C@@H](NC(Cc4nc(C)no4)=O)[C@H](COC3)C2)n(C)c1)C,Cc1noc(CC(=O)N[C@@H]2[C@H]3COC[C@@H]2CN(C(=O)c2cc(NC(=O)OC(C)(C)C)cn2C)C3)n1,Cc1noc(CC(=O)N[C@@H]2[C@H]3COC[C@@H]2CN(C(=O)c2cc(NC(=O)OC(C)(C)C)cn2C)C3)n1,True
261,c1n(CC)cnc1C(=O)NOCC(C)C,CCn1cnc(C(=O)NOCC(C)C)c1,CCn1cnc(C(=O)NOCC(C)C)c1,True
262,c1nc(N(C)N2C(=O)[C@H]3[C@@H]4C[C@@H]([C@@H]3C2=O)[C@H]2C(C(=O)OCC)=NO[C@H]42)c(Cl)cc1C(F)(F)F,CCOC(=O)C1=NO[C@@H]2[C@H]3C[C@@H]([C@@H]4C(=O)N(N(C)c5ncc(C(F)(F)F)cc5Cl)C(=O)[C@H]43)[C@@H]12,CCOC(=O)C1=NN(c2ncc(C(F)(F)F)cc2Cl)C(=O)[C@@H]2[C@H]3C[C@@H]4[C@@H]1N(C)C(=O)[C@@H]2[C@@H]4C[C@@H]2[C@@H]4O[C@H]3O[C@H]4C[C@H]4O[C@H]1C(C[C@H]4=C(C[C[C@@H]1[C@H]1O[C(C@H]1)[C@H]1O[C(C@H]2[C@@H]1[C@@H]2[C[C@H]1[,False
263,n1n(C)nc(CNCCCNC(=O)[C@@H]2[C@@](C)(CC)C2)c1,CC[C@@]1(C)C[C@@H]1C(=O)NCCCNCc1cnn(C)n1,CC[C@@]1(C)C[C@@H]1C(=O)NCCCNCc1cnn(C)n1,True
264,C1C(Cn2c(-c3c(F)cccc3)nnc2N2C[C@H](CC(=O)N)CCC2)(C(C)C)C1,CC(C)C1(Cn2c(-c3ccccc3F)nnc2N2CCC[C@@H](CC(N)=O)C2)CC1,CC(C)C1(Cn2c(-c3ccccc3F)nnc2N2CCC[C@@H](CC(N)=O)C2)CC1,True
265,[C@H]12[C@](C(N[C@@H]3[C@H]4COC[C@@H]3CN(C(=O)c3ccccc3)C4)=O)(CC1)CN(C(=O)OC(C)(C)C)C2,CC(C)(C)OC(=O)N1C[C@@H]2CC[C@]2(C(=O)N[C@@H]2[C@H]3COC[C@@H]2CN(C(=O)c2ccccc2)C3)C1,CC(C)(C)OC(=O)N1C[C@@H]2CC[C@]2(C(=O)N[C@@H]2[C@H]3COC[C@@H]2CN(C(=O)c2ccccc2)C3)C1,True
266,o1cc(C(N[C@H]2CCN(C([C@H]3CCCS3(=O)=O)=O)[C@@H]2CC)=O)nc1,CC[C@@H]1[C@@H](NC(=O)c2cocn2)CCN1C(=O)[C@H]1CCCS1(=O)=O,CC[C@@H]1[C@@H](NC(=O)c2cocn2)CCN1C(=O)[C@H]1CCCS1(=O)=O,True
267,C1CC[C@@H](c2cc(NC([C@@H]3O[C@H](C)CC3)=O)n[nH]2)N(C(=O)c2cc(N(C)C)ccc2)C1,C[C@@H]1CC[C@H](C(=O)Nc2cc([C@@H]3CCCCN3C(=O)c3cccc(N(C)C)c3)[nH]n2)O1,C[C@@H]1CC[C@H](C(=O)Nc2cc([C@@H]3CCCCN3C(=O)c3cccc(N(C)C)c3)[nH]n2)O1,True
268,C1[C@H](NC(NC[C@H]2C[C@@H](O)CC2)=O)[C@H](c2ccc(C(F)(F)F)cc2)CC1,O=C(NC[C@@H]1CC[C@H](O)C1)N[C@H]1CCC[C@H]1c1ccc(C(F)(F)F)cc1,O=C(NC[C@@H]1CCC[C@@H]1O)N[C@H]1CC[C@@H](c2ccc(C(F)(F)F)cc2)C1,False
269,O(C([C@H]1N([C@H]2CCc3c(c(Cl)ccc3)C2)C[C@H](N)C1)=O)C,COC(=O)[C@@H]1C[C@@H](N)CN1[C@H]1CCc2cccc(Cl)c2C1,COC(=O)[C@@H]1C[C@H](N)CN1[C@H]1CCc2cccc(Cl)c2C1,False
270,C1(C(NCCCN[C@H](c2cocc2)C)=O)CCC1,C[C@H](NCCCNC(=O)C1CCC1)c1ccoc1,C[C@H](NCCCNC(=O)C1CCC1)c1ccoc1,True
271,c12n(-c3ccc(OC)c(C)c3)c(-c3cc(Cl)c(OC)cc3)cn1c1c(=O)n(C)c(=O)n(C)c1n2,COc1ccc(-n2c(-c3ccc(OC)c(Cl)c3)cn3c4c(=O)n(C)c(=O)n(C)c4nc23)cc1C,COc1ccc(-n2ccc3c(=O)n(-c4cc(C)c5c(=O)n(C)c(OC)n5n4)c(Cl)c3n2)cc1C,False
272,C1COC[C@@H]1Cn1c(-c2cscn2)nnc1N(CCNC(=O)C(C)C)C,CC(C)C(=O)NCCN(C)c1nnc(-c2cscn2)n1C[C@@H]1CCOC1,CC(C)C(=O)NCCN(C)c1nnc(-c2cscn2)n1C[C@@H]1CCOC1,True
273,C1CN(C(=O)[C@H]2N(C(=O)[C@H]3CCCO3)CCCC2)C[C@H](c2[nH]nc(O)n2)C1,O=C([C@@H]1CCCCN1C(=O)[C@H]1CCCO1)N1CCC[C@@H](c2nc(O)n[nH]2)C1,O=C([C@@H]1CCCCN1C(=O)[C@H]1CCCO1)N1CCC[C@@H](c2nc(O)n[nH]2)C1,True
274,C1[C@H]2CO[C@@H](CNC(c3sc(N)nc3C)=O)[C@H]2CN(C([C@@H]2CC(=O)N(Cc3ccccc3)C2)=O)C1,Cc1nc(N)sc1C(=O)NC[C@@H]1OC[C@@H]2CCN(C(=O)[C@@H]3CC(=O)N(Cc4ccccc4)C3)C[C@@H]21,Cc1nc(N)sc1C(=O)NC[C@@H]1OC[C@@H]2CCN(C(=O)[C@@H]3CC(=O)N(Cc4ccccc4)C3)C[C@@H]21,True
275,C1CN(Cc2ccccc2)[C@H](C(N2CC[C@]3(CN(C([C@@H]4C[C@@H]4c4ccc(F)cc4)=O)CCO3)C2)=O)C1,O=C([C@@H]1CCCN1Cc1ccccc1)N1CC[C@@]2(C1)CN(C(=O)[C@@H]1C[C@@H]1c1ccc(F)cc1)CCO2,O=C([C@@H]1CCCN1Cc1ccccc1)N1CC[C@@]2(C1)CN(C(=O)[C@@H]1C[C@@H]1c1ccc(F)cc1)CCO2,True
276,c1c2c(Cl)nnc(NCCOc3cnccc3)c2cc(Cl)c1,Clc1ccc2c(Cl)nnc(NCCOc3cccnc3)c2c1,Clc1ccc2c(Cl)nnc(NCCOc3cccnc3)c2c1,True
277,c1n(C)c(CC[C@H](C)Nc2c(C#N)c(C)ccn2)cc1,Cc1ccnc(N[C@@H](C)CCc2cccn2C)c1C#N,Cc1ccnc(N[C@@H](C)CCc2cccn2C)c1C#N,True
278,C1[C@@H](C(=O)N(C2CCN(Cc3cc(CC)ccc3)CC2)C)[C@H]2O[C@@H]1[C@H]1[C@@H]2C1,CCc1cccc(CN2CCC(N(C)C(=O)[C@@H]3C[C@@H]4O[C@H]3[C@H]3C[C@@H]43)CC2)c1,CCc1cccc(CN2CCC(N(C)C(=O)[C@@H]3C[C@@H]4O[C@H]3[C@H]3C[C@@H]43)CC2)c1,True
279,Cc1cccc(CCCN(C)C[C@@](C)(c2ccccc2)O)c1,Cc1cccc(CCCN(C)C[C@](C)(O)c2ccccc2)c1,Cc1cccc(CCCN(C)C[C@](C)(O)c2ccccc2)c1,True
280,Cc1cc(F)ccc1CCNCc1ncccc1,Cc1cc(F)ccc1CCNCc1ccccn1,Cc1cc(F)ccc1CCNCc1ccccn1,True
281,[C@H]1(NC(=O)[C@H]2[C@H](C=C)OCCC2)C[C@@H](NC(c2ccnc(C3CC3)n2)=O)C1,C=C[C@@H]1OCCC[C@H]1C(=O)N[C@H]1C[C@@H](NC(=O)c2ccnc(C3CC3)n2)C1,C=C[C@@H]1OCCC[C@H]1C(=O)N[C@H]1C[C@@H](NC(=O)c2ccnc(C3CC3)n2)C1,True
282,C1N(C(=O)C(F)(F)C)[C@@H](c2cnccc2)[C@@H](CNC(c2c(C(F)(F)F)oc(C)c2)=O)C1,Cc1cc(C(=O)NC[C@H]2CCN(C(=O)C(C)(F)F)[C@H]2c2cccnc2)c(C(F)(F)F)o1,Cc1cc(C(=O)NC[C@H]2CCN(C(=O)C(C)(F)F)[C@H]2c2cccnc2)c(C(F)(F)F)o1,True
283,c1(OCc2n(CCCC)nnn2)ccccc1F,CCCCn1nnnc1COc1ccccc1F,CCCCn1nnnc1COc1ccccc1F,True
284,c1nc2c(nc1C(OCc1oc(-c3ccco3)nn1)=O)cccc2,O=C(OCc1nnc(-c2ccco2)o1)c1cnc2ccccc2n1,O=C(OCc1nnc(-c2ccco2)o1)c1cnc2ccccc2n1,True
285,C[C@H](NC(=O)c1nc(C)sc1C)CCNC(C[C@H](CC)C)=O,CC[C@H](C)CC(=O)NCC[C@H](C)NC(=O)c1nc(C)sc1C,CC[C@H](C)CC(=O)NCC[C@H](C)NC(=O)c1nc(C)sc1C,True
286,O=C(NC[C@@H]1N(C(C2(C)CCOCC2)=O)CC1)[C@@H]1C[C@H]2[C@@H]1CCCC2,CC1(C(=O)N2CC[C@@H]2CNC(=O)[C@@H]2C[C@@H]3CCCC[C@@H]32)CCOCC1,CC1(C(=O)N2CC[C@@H]2CNC(=O)[C@@H]2C[C@@H]3CCCC[C@@H]32)CCOCC1,True
287,O=S(NC)(CCCNC(=O)Cc1c(F)ccc(Br)c1)=O,CNS(=O)(=O)CCCNC(=O)Cc1cc(Br)ccc1F,CNS(=O)(=O)CCCNC(=O)Cc1cc(Br)ccc1F,True
288,C[C@@H](C[C@@H](C)O)NC(C(Nc1cc(Cl)ccc1C(O)=O)=O)=O,C[C@@H](C[C@@H](C)O)NC(=O)C(=O)Nc1cc(Cl)ccc1C(=O)O,C[C@@H](O)C[C@@H](C)NC(=O)C(=O)Nc1cc(Cl)ccc1C(=O)O,False
289,c1cc(NC(=O)NC2CC2)ccc1[C@H](NC(N[C@@H]1[C@@H]2CN(C(C)=O)C[C@@H]2CCC1)=O)C,CC(=O)N1C[C@H]2[C@@H](NC(=O)N[C@H](C)c3ccc(NC(=O)NC4CC4)cc3)CCC[C@H]2C1,CC(=O)N1C[C@@H]2CCC[C@H](NC(=O)N[C@H](C)c3ccc(NC(=O)NC4CC4)cc3)[C@H]2C1,False
290,COc1c(CNCCCOc2ccccc2)c(OC)ccc1,COc1cccc(OC)c1CNCCCOc1ccccc1,COc1cccc(OC)c1CNCCCOc1ccccc1,True
291,C1CC(C(c2ccc(NC(C(=O)N3CC4(CCC4)[C@@H](C)CC3)=O)cc2)=O)C1,C[C@H]1CCN(C(=O)C(=O)Nc2ccc(C(=O)C3CCC3)cc2)CC12CCC2,C[C@H]1CCN(C(=O)C(=O)Nc2ccc(C(=O)C3CCC3)cc2)CC12CCC2,True
292,C1CCCC(N(C([C@H](N2[C@H](CNC(CC)=O)CCC2)C)=O)C)C1,CCC(=O)NC[C@@H]1CCCN1[C@H](C)C(=O)N(C)C1CCCCC1,CCC(=O)NC[C@@H]1CCCN1[C@H](C)C(=O)N(C)C1CCCCC1,True
293,Cc1nn([C@@H](C)CC)c(C)c1-c1[nH]nc(C(=O)N2C[C@H]3[C@H](CCN(C(=O)OC(C)(C)C)C3)C2)c1,CC[C@H](C)n1nc(C)c(-c2cc(C(=O)N3C[C@H]4CCN(C(=O)OC(C)(C)C)C[C@H]4C3)n[nH]2)c1C,CC[C@H](C)n1nc(C)c(-c2cc(C(=O)N3C[C@H]4CCN(C(=O)OC(C)(C)C)C[C@H]4C3)n[nH]2)c1C,True
294,[C@@H](Cc1ccccc1)(C(=O)N[C@H]1CCc2c(sc(NC(Cc3cc4c(cc3)OCCC4)=O)n2)C1)O,O=C(Cc1ccc2c(c1)CCCO2)Nc1nc2c(s1)C[C@@H](NC(=O)[C@H](O)Cc1ccccc1)CC2,O=C(Cc1ccc2c(c1)CCCO2)Nc1nc2c(s1)C[C@@H](NC(=O)[C@H](O)Cc1ccccc1)CC2,True
295,C1N(Cc2c(Oc3cnccc3)cccc2)CCC(OC[C@H]2CCOC2)C1,c1cncc(Oc2ccccc2CN2CCC(OC[C@H]3CCOC3)CC2)c1,c1cncc(Oc2ccccc2CN2CCC(OC[C@H]3CCOC3)CC2)c1,True
296,OC(NCC1(C)OCCO1)=O,CC1(CNC(=O)O)OCCO1,CC1(CNC(=O)O)OCCO1,True
297,O=C([C@H]1[C@@H]2[C@H]3[C@@H]4[C@H]5C[C@H]([C@H]1[C@@H]5C3)[C@H]24)N1CCN(C[C@H]2OCCC2)CC1,O=C([C@@H]1[C@H]2[C@H]3C[C@@H]4[C@@H]5[C@H]3[C@H]1[C@@H]5C[C@H]42)N1CCN(C[C@@H]2CCCO2)CC1,O=C([C@@H]1[C@H]2[C@@H]3CC[C@@H](C3)[C@H]21)N1CCO[C@@H]2CCN(C[C@H]3C[C@@H]43)C[C@@H]21,False
298,C(C)N(c1ncc(F)cn1)CCCNC(=O)CNC(=O)N,CCN(CCCNC(=O)CNC(N)=O)c1ncc(F)cn1,CCN(CCCNC(=O)CNC(N)=O)c1ncc(F)cn1,True
299,c1c2c(n[nH]1)C[C@H](C(=O)O[C@@H](C)C(=O)C(C(=O)OC)(C)C)CC2,COC(=O)C(C)(C)C(=O)[C@H](C)OC(=O)[C@@H]1CCc2c[nH]nc2C1,COC(=O)C(C)(C)C(=O)[C@H](C)OC(=O)[C@@H]1CCc2c[nH]nc2C1,True
300,O=C(N1CCCN(S(=O)(c2c(C)onc2C)=O)CC1)[C@@H]1[C@@H]2O[C@@H]([C@@H]1C(F)(F)F)CC2,Cc1noc(C)c1S(=O)(=O)N1CCCN(C(=O)[C@@H]2[C@H]3CC[C@@H](O3)[C@@H]2C(F)(F)F)CC1,Cc1noc(C)c1S(=O)(=O)N1CCCN(C(=O)[C@@H]2[C@H]3CC[C@@H](O3)[C@@H]2C(F)(F)F)CC1,True
301,CCCCc1ccc(C(=O)N(C)CC(=O)NCc2occc2)cc1,CCCCc1ccc(C(=O)N(C)CC(=O)NCc2ccco2)cc1,CCCCc1ccc(C(=O)N(C)CC(=O)NCc2ccco2)cc1,True
302,C(COC)[S@](C[C@H](CC)C)=O,CC[C@H](C)C[S@](=O)CCOC,CC[C@H](C)C[S@](=O)CCOC,True
303,c1c(OC)ccc(OCCC(=O)Nc2cnn(CC#N)c2)c1,COc1ccc(OCCC(=O)Nc2cnn(CC#N)c2)cc1,COc1ccc(OCCC(=O)Nc2cnn(CC#N)c2)cc1,True
304,N(C(CN1CC[C@@H](C)[C@H](C)C1)=O)[C@H](C(C)C)C,CC(C)[C@H](C)NC(=O)CN1CC[C@@H](C)[C@H](C)C1,CC(C)[C@H](C)NC(=O)CN1CC[C@@H](C)[C@H](C)C1,True
305,Cc1n(-c2ccccc2)nc(C)c1[C@@H](C(F)(F)F)NC(=O)[C@H]1[C@H](C)C[C@@H](C)O1,Cc1nn(-c2ccccc2)c(C)c1[C@H](NC(=O)[C@@H]1O[C@H](C)C[C@H]1C)C(F)(F)F,Cc1nn(-c2ccccc2)c(C)c1[C@H](NC(=O)[C@@H]1O[C@H](C)C[C@H]1C)C(F)(F)F,True
306,C(C(=O)NC[C@@H]1Cc2ccccc2N1C[C@@H](N)C)(F)(F)F,C[C@H](N)CN1c2ccccc2C[C@H]1CNC(=O)C(F)(F)F,C[C@H](N)CN1c2ccccc2C[C@H]1CNC(=O)C(F)(F)F,True
307,Clc1cc(Br)cc(/C=c2/c(=O)n3c(s2)=NC(c2ccccc2)=C(C(OCC)=O)[C@H]3c2ccc(C(C)C)cc2)c1O,CCOC(=O)C1=C(c2ccccc2)N=c2s/c(=C\c3cc(Br)cc(Cl)c3O)c(=O)n2[C@@H]1c1ccc(C(C)C)cc1,CCOC(=O)C1=C(c2ccccc2)N=c2s/c(=C\c3cc(Br)cc(Cl)c3O)c(=O)n2[C@@H]1c1ccc(C(C)C)cc1,True
308,[C@H](CC(C)C)(C(=O)Nc1ccccc1-n1nnnc1CC)OC,CCc1nnnn1-c1ccccc1NC(=O)[C@H](CC(C)C)OC,CCc1nnnn1-c1ccccc1NC(=O)[C@H](CC(C)C)OC,True
309,O=S1(=O)CCO[C@H](CNC(=O)N2CCN([C@H](CC)c3c(F)cc(F)cc3)CC2)C1,CC[C@H](c1ccc(F)cc1F)N1CCN(C(=O)NC[C@@H]2CS(=O)(=O)CCO2)CC1,CC[C@H](c1ccc(F)cc1F)N1CCN(C(=O)NC[C@@H]2CS(=O)(=O)CCO2)CC1,True
310,O=C(N1CCCC12CN(C(=O)[C@H]1C3(CN(C(=O)OC(C)(C)C)C3)CCOC1)C2)CN1CCCC1=O,CC(C)(C)OC(=O)N1CC2(CCOC[C@H]2C(=O)N2CC3(CCCN3C(=O)CN3CCCC3=O)C2)C1,CC(C)(C)OC(=O)N1CC2(CCOC[C@H]2C(=O)N2CC3(CCCN3C(=O)CN3CCCC3=O)C2)C1,True
311,C1C[C@@H](CC(=O)N2CCN(c3ccc(-c4n[nH]nn4)nc3)CC2)CS1(=O)=O,O=C(C[C@@H]1CCS(=O)(=O)C1)N1CCN(c2ccc(-c3nn[nH]n3)nc2)CC1,O=C(C[C@@H]1CCS(=O)(=O)C1)N1CCN(c2ccc(-c3nn[nH]n3)nc2)CC1,True
312,C1CC[C@H](c2[nH]nc(NC(=O)c3n[nH]c(C4CC4)c3F)c2)N(C(c2c(C)cc(C)cc2C)=O)C1,Cc1cc(C)c(C(=O)N2CCCC[C@@H]2c2cc(NC(=O)c3n[nH]c(C4CC4)c3F)n[nH]2)c(C)c1,Cc1cc(C)c(C(=O)N2CCCC[C@@H]2c2cc(NC(=O)c3n[nH]c(C4CC4)c3F)n[nH]2)c(C)c1,True
313,C(#C[C@H](c1ccc(O)cc1)CC(N1CC[C@H]2CO[C@@H](CNC(=O)c3cc(C)c(F)cc3)[C@H]2C1)=O)C,CC#C[C@@H](CC(=O)N1CC[C@H]2CO[C@@H](CNC(=O)c3ccc(F)c(C)c3)[C@H]2C1)c1ccc(O)cc1,CC#C[C@@H](CC(=O)N1CC[C@H]2CO[C@@H](CNC(=O)c3ccc(F)c(C)c3)[C@H]2C1)c1ccc(O)cc1,True
314,C1COc2cc(C(Nc3sc(Cc4ccccc4)c(C)n3)=O)ccc2OC1,Cc1nc(NC(=O)c2ccc3c(c2)OCCCO3)sc1Cc1ccccc1,Cc1nc(NC(=O)c2ccc3c(c2)OCCCO3)sc1Cc1ccccc1,True
315,N1(C(=O)c2cc([N+]([O-])=O)cc(O)c2)C[C@]2(CC1)CN(C(c1ccc(C)cc1-n1nccn1)=O)CCO2,Cc1ccc(C(=O)N2CCO[C@@]3(CCN(C(=O)c4cc(O)cc([N+](=O)[O-])c4)C3)C2)c(-n2nccn2)c1,Cc1ccc(C(=O)N2CCO[C@@]3(CCN(C(=O)c4cc(O)cc([N+](=O)[O-])c4)C3)C2)c(-n2nccn2)c1,True
316,c1ccc2c(c1)c(=O)n([C@H](C(N[C@H](C(=O)N[C@@H]([C@H](O)C)C(O)=O)CC(C)C)=O)Cc1ccccc1)c(=O)[nH]2,CC(C)C[C@H](NC(=O)[C@H](Cc1ccccc1)n1c(=O)[nH]c2ccccc2c1=O)C(=O)N[C@H](C(=O)O)[C@@H](C)O,CC(C)C[C@H](NC(=O)[C@H](Cc1ccccc1O)[C@@H](C)O)C(=O)N[C@H](C(=O)c1c(O)nc2ccccc2c1=O)C(=O)[C@@H]1)[C(O)[C(CO)C(C(C)CCNCc1c1c1c(=O)[nnH]n1Cc1c(=O)[nH]n(=c1c(=O)[nH]n1c1c1c(=O)[nH]c1[nH]c(=O)c1[nH][nH]c1=c,False
317,CCN(CCCC)C(=O)NCCOCCF,CCCCN(CC)C(=O)NCCOCCF,CCCCN(CC)C(=O)NCCOCCF,True
318,[C@H]12N(C(=O)c3ccccc3O)[C@H](C[C@@H](NC(=O)c3c(C)cccc3Cl)C1)CC2,Cc1cccc(Cl)c1C(=O)N[C@@H]1C[C@@H]2CC[C@H](C1)N2C(=O)c1ccccc1O,Cc1cccc(Cl)c1C(=O)N[C@@H]1C[C@@H]2CC[C@H](C1)N2C(=O)c1ccccc1O,True
319,[C@H]([C@@H]1SC(=N)NC1=O)(C(=O)N[C@H]1C[C@@H]2N(C(c3cc(C#N)cc(OC)c3)=O)[C@@H](CC2)C1)C,COc1cc(C#N)cc(C(=O)N2[C@H]3CC[C@@H]2C[C@H](NC(=O)[C@@H](C)[C@@H]2SC(=N)NC2=O)C3)c1,COc1cc(C#N)cc(C(=O)N2[C@H]3CC[C@@H]2C[C@H](NC(=O)[C@@H](C)[C@@H]2SC(=N)NC2=O)C3)c1,True
320,C1CCC1[C@@H](CNC(=O)Nc1sc2c(n1)CC[C@H](CCC)C2)O,CCC[C@H]1CCc2nc(NC(=O)NC[C@@H](O)C3CCC3)sc2C1,CCC[C@H]1CCc2nc(NC(=O)NC[C@@H](O)C3CCC3)sc2C1,True
321,C1O[C@H](c2ccccc2)CN(C(=O)c2scnc2Cl)CC1,O=C(c1scnc1Cl)N1CCCO[C@H](c2ccccc2)C1,O=C(c1scnc1Cl)N1CCCO[C@H](c2ccccc2)C1,True
322,C1CCCCN1C([C@H](C)N(CC)CCCO)=O,CCN(CCCO)[C@@H](C)C(=O)N1CCCCC1,CCN(CCCO)[C@@H](C)C(=O)N1CCCCC1,True
323,C1CC1CCCC(N1CCC(NC([C@H](CC)OC)=O)(C)CC1)=O,CC[C@H](OC)C(=O)NC1(C)CCN(C(=O)CCCC2CC2)CC1,CC[C@H](OC)C(=O)NC1(C)CCN(C(=O)CCCC2CC2)CC1,True
324,n1nc(C2CC2)n(C)c1SCc1c(C)n(CCS(C)(=O)=O)nc1C,Cc1nn(CCS(C)(=O)=O)c(C)c1CSc1nnc(C2CC2)n1C,Cc1nn(CCS(C)(=O)=O)c(C)c1CSc1nnc(C2CC2)n1C,True
325,N(CC1(CC)CCCC1)C(C(Nc1ccc(N(C(C)C)C)c(F)c1)=O)=O,CCC1(CNC(=O)C(=O)Nc2ccc(N(C)C(C)C)c(F)c2)CCCC1,CCC1(CNC(=O)C(=O)Nc2ccc(N(C)C(C)C)c(F)c2)CCCC1,True
326,c1ccc(CCCO)cc1NCCCN,NCCCNc1cccc(CCCO)c1,NCCCNc1cccc(CCCO)c1,True
327,O(C(/C=C/c1cn(C)cn1)=O)C[C@@H](O)C(C)C,CC(C)[C@H](O)COC(=O)/C=C/c1cn(C)cn1,CC(C)[C@H](O)COC(=O)/C=C/c1cn(C)cn1,True
328,[C@H](C(C)C)(NC(=O)CN(CC)[C@@H](CNC(/C(C)=C\CC)=O)C)C,CC/C=C(/C)C(=O)NC[C@@H](C)N(CC)CC(=O)N[C@@H](C)C(C)C,CC/C=C(/C)C(=O)NC[C@@H](C)N(CC)CC(=O)N[C@@H](C)C(C)C,True
329,Cc1nn(CC(NCCNc2snc(CC(C)C)n2)=O)cc1,Cc1ccn(CC(=O)NCCNc2nc(CC(C)C)ns2)n1,Cc1ccn(CC(=O)NCCNc2nc(CC(C)C)ns2)n1,True
330,C(COCC)(NC[C@H]1[C@@H](c2cnccc2)N(C(C[C@H](NC(=O)OC(C)(C)C)CC)=O)CC1)=O,CCOCC(=O)NC[C@@H]1CCN(C(=O)C[C@@H](CC)NC(=O)OC(C)(C)C)[C@@H]1c1cccnc1,CCOCC(=O)NC[C@@H]1CCN(C(=O)C[C@@H](CC)NC(=O)OC(C)(C)C)[C@@H]1c1cccnc1,True
331,S(C)/C=C\C(=O)Nc1c(OCC)cc(Cl)cc1,CCOc1cc(Cl)ccc1NC(=O)/C=C\SC,CCOc1cc(Cl)ccc1NC(=O)/C=C\SC,True
332,C1(C(NCC2=CCN(C(c3c(C)n(C)cc3)=O)CC2)=O)(F)CCCC1,Cc1c(C(=O)N2CC=C(CNC(=O)C3(F)CCCC3)CC2)ccn1C,Cc1c(C(=O)N2CC=C(CNC(=O)C3(F)CCCC3)CC2)ccn1C,True
333,CCCCCCNC(=O)CNC(C(C)C)C(C)C,CCCCCCNC(=O)CNC(C(C)C)C(C)C,CCCCCCNC(=O)CNC(C(C)C)C(C)C,True
334,C(NC(=O)C(N(CCC)CC)=O)[C@@H]1c2c(cccc2)CCC1,CCCN(CC)C(=O)C(=O)NC[C@H]1CCCc2ccccc21,CCCN(CC)C(=O)C(=O)NC[C@H]1CCCc2ccccc21,True
335,c1ccc(OC)c(-c2n(C)c(N3CC[C@@H](OCCCc4ccccc4)C3)nn2)c1,COc1ccccc1-c1nnc(N2CC[C@@H](OCCCc3ccccc3)C2)n1C,COc1ccccc1-c1nnc(N2CC[C@@H](OCCCc3ccccc3)C2)n1C,True
336,C(NC(=O)CNC(=O)c1ccc(OC)cc1)C[C@H]1CCCN1,COc1ccc(C(=O)NCC(=O)NCC[C@H]2CCCN2)cc1,COc1ccc(C(=O)NCC(=O)NCC[C@H]2CCCN2)cc1,True
337,CC(C)(OC(=O)N[C@H]1CN(c2nnc(C(NC(CC)CC)=O)n2[C@@H]2C[C@H]2C(C)C)CCC1)C,CCC(CC)NC(=O)c1nnc(N2CCC[C@@H](NC(=O)OC(C)(C)C)C2)n1[C@@H]1C[C@H]1C(C)C,CCC(CC)NC(=O)c1nnc(N2CCC[C@@H](NC(=O)OC(C)(C)C)C2)n1[C@@H]1C[C@H]1C(C)C,True
338,O(C(C1=CN(CCOC)C=C(C(OCC)=O)C1c1ccc([N+](=O)[O-])cc1)=O)CC,CCOC(=O)C1=CN(CCOC)C=C(C(=O)OCC)C1c1ccc([N+](=O)[O-])cc1,CCOC(=O)C1=C(C(=O)OCC)C(c2ccc([N+](=O)[O-])cc2)=CN(CCOC)C1,False
339,C1C(COC)(C(N([C@@H](CNC(c2onc(OC)c2)=O)C)C)=O)CC1,COCC1(C(=O)N(C)[C@H](C)CNC(=O)c2cc(OC)no2)CCC1,COCC1(C(=O)N(C)[C@H](C)CNC(=O)c2cc(OC)no2)CCC1,True
340,O=C(C1=C(C)OCCC1)NC1(CNC(=O)[C@H](CC)F)CCCCC1,CC[C@H](F)C(=O)NCC1(NC(=O)C2=C(C)OCCC2)CCCCC1,CC[C@H](F)C(=O)NCC1(NC(=O)C2=C(C)OCCC2)CCCCC1,True
341,C1C[C@H](CNC(=O)CCSC(=N)N)[C@@H](c2cccnc2)N1C(c1cc2c(cc(OC)cc2)[nH]1)=O,COc1ccc2cc(C(=O)N3CC[C@H](CNC(=O)CCSC(=N)N)[C@H]3c3cccnc3)[nH]c2c1,COc1ccc2cc(C(=O)N3CC[C@H](CNC(=O)CCSC(=N)N)[C@H]3c3cccnc3)[nH]c2c1,True
342,c1(C)cccc(-n2c(=C(C(NCCOC)=O)C#N)sc(=Cc3ccc([C@H]4C[C@@H]4C)o3)c2=O)c1C,COCCNC(=O)C(C#N)=c1sc(=Cc2ccc([C@H]3C[C@@H]3C)o2)c(=O)n1-c1cccc(C)c1C,COCCNC(=O)C(C#N)=c1sc(=Cc2ccc(-c3cccc(C)c3C)o2)c(=O)n1[C@H]1C[C@@H]1C,False
343,c1(C(=O)NC[C@@]2(O)CCN(C([C@@H]3C[C@H]4[C@H]5[C@@H]([C@@H]3O4)C5)=O)C2)nc(COC)oc1,COCc1nc(C(=O)NC[C@@]2(O)CCN(C(=O)[C@@H]3C[C@@H]4O[C@H]3[C@H]3C[C@@H]43)C2)co1,COCc1nc(C(=O)NC[C@@]2(O)CCN(C(=O)[C@@H]3C[C@@H]4O[C@H]3[C@H]3C[C@@H]43)C2)co1,True
344,c1cncc(F)c1C(NCCOC(C)C)=O,CC(C)OCCNC(=O)c1ccncc1F,CC(C)OCCNC(=O)c1ccncc1F,True
345,s1ccc(C2CC2)c1C(N[C@@H](CC)c1ccc(Cl)s1)=O,CC[C@H](NC(=O)c1sccc1C1CC1)c1ccc(Cl)s1,CC[C@H](NC(=O)c1sccc1C1CC1)c1ccc(Cl)s1,True
346,N([C@@H](C)[C@H]1CCCCN1C(CNC(=O)N)=O)c1ncc(Cl)cn1,C[C@H](Nc1ncc(Cl)cn1)[C@H]1CCCCN1C(=O)CNC(N)=O,C[C@H](Nc1ncc(Cl)cn1)[C@H]1CCCCN1C(=O)CNC(N)=O,True
347,O1CC[C@@]2(CN(C(CC(C)(NC(OCc3ccccc3)=O)C)=O)C[C@@H](C)O2)[C@H]1C,C[C@@H]1CN(C(=O)CC(C)(C)NC(=O)OCc2ccccc2)C[C@@]2(CCO[C@@H]2C)O1,C[C@@H]1OCC[C@@]12CN(C(=O)CC(C)(C)NC(=O)OCc1ccccc1)C[C@@H](C)O2,False
348,C(c1n(CC)cnc1)N1CCC(O)CC1,CCn1cncc1CN1CCC(O)CC1,CCn1cncc1CN1CCC(O)CC1,True
