smiles,y,Class,input,output
COc1ccc(C(=O)N(C)C)cc1,-1.8744673709078976,train,COc1ccc(C(=O)N(C)C)cc1,COc1ccc(C(=O)N(C)C)cc1
CS(=O)(=O)Cl,-0.2775144630076831,train,CS(=O)(=O)Cl,CS(=O)(=O)Cl
C=CC(C)C,1.4650888729746356,train,C=CC(C)C,C=CC(C)C
CCc1cnccn1,-0.4283666920927197,test,CCc1cnccn1,CCc1cnccn1
CCCCCCCO,-0.1058550299109173,train,CCCCCCCO,CCCCCCCO
Cc1cc(C)cc(O)c1,-0.6416405332129437,train,Cc1cc(C)cc(O)c1,Cc1cc(C)cc(O)c1
CC(C)C(C)C,1.597734798549409,train,CC(C)C(C)C,CC(C)C(C)C
CCCC(C)(C)O,-0.030428915368399,train,CCCC(C)(C)O,CCCC(C)(C)O
C[C@@H]1CCCC[C@@H]1C,1.4000663604379815,valid,C[C@@H]1CCCC[C@@H]1C,C[C@@H]1CCCC[C@@H]1C
CC[C@H](C)O,-0.2124919504710294,train,CC[C@H](C)O,CC[C@H](C)O
BrCBr,0.4793475829189657,train,BrCBr,BrCBr
CC[C@@H](O)C(C)C,-0.0200253133625344,train,CC[C@@H](O)C(C)C,CC[C@@H](O)C(C)C
CCc1ccccn1,-0.1370658359285111,train,CCc1ccccn1,CCc1ccccn1
CCCCC(=O)OCC,0.3414998563412598,train,CCCCC(=O)OCC,CCCCC(=O)OCC
Sc1ccccc1,0.3258944533324631,train,Sc1ccccc1,Sc1ccccc1
CC(C)=CCC/C(C)=C\CO,-0.2541063584944878,train,CC(C)=CCC/C(C)=C\CO,CC(C)=CCC/C(C)=C\CO
c1ccc2c(c1)CCC2,0.6093926079922731,test,c1ccc2c(c1)CCC2,c1ccc2c(c1)CCC2
CCOc1ccccc1,0.4117241698808458,train,CCOc1ccccc1,CCOc1ccccc1
Oc1ccc(Br)cc1,-0.5324027121513655,train,Oc1ccc(Br)cc1,Oc1ccc(Br)cc1
CCCC(C)(C)C,1.7381834256285813,train,CCCC(C)(C)C,CCCC(C)(C)C
CC(=O)OCCOC(C)=O,-0.6598468367232068,train,CC(=O)OCCOC(C)=O,CC(=O)OCCOC(C)=O
CCOP(=S)(OCC)SCSP(=S)(OCC)OCC,-0.5974252246880192,train,CCOP(=S)(OCC)SCSP(=S)(OCC)OCC,CCOP(=S)(OCC)SCSP(=S)(OCC)OCC
OC1CCCCCC1,-0.4361693935971182,test,OC1CCCCCC1,OC1CCCCCC1
COC(=O)C1CC1,-0.0772451243947896,test,COC(=O)C1CC1,COC(=O)C1CC1
N#Cc1ccccc1,-0.0772451243947896,train,N#Cc1ccccc1,N#Cc1ccccc1
CCCCC#N,0.0736071046902467,train,CCCCC#N,CCCCC#N
CC(C)(C)O,-0.173478442949037,train,CC(C)(C)O,CC(C)(C)O
CC(C)C(=O)C(C)C,0.2764773438046062,train,CC(C)C(=O)C(C)C,CC(C)C(=O)C(C)C
CCC=O,0.097015209203442,train,CCC=O,CCC=O
CN(C)C=O,-1.0421792104387302,train,CN(C)C=O,CN(C)C=O
Cc1ccc(C)cc1,0.7810520410890388,train,Cc1ccc(C)cc1,Cc1ccc(C)cc1
C=CCC=C,1.2310078278426824,train,C=CCC=C,C=CCC=C
Cc1cccc(Nc2ccccc2C(=O)O)c1C,-0.7742864587877174,test,Cc1cccc(Nc2ccccc2C(=O)O)c1C,Cc1cccc(Nc2ccccc2C(=O)O)c1C
CN(C)C(=O)c1ccccc1,-1.4271124846557202,train,CN(C)C(=O)c1ccccc1,CN(C)C(=O)c1ccccc1
CCNCC,-0.0694424228903913,train,CCNCC,CCNCC
CC(C)(C)c1ccc(O)cc1,-0.5480081151601625,train,CC(C)(C)c1ccc(O)cc1,CC(C)(C)c1ccc(O)cc1
CC(C)CCOC=O,0.4351322743940412,train,CC(C)CCOC=O,CC(C)CCOC=O
CCCCCCCCCCO,0.0423962986726529,train,CCCCCCCCCCO,CCCCCCCCCCO
CCOC(=O)CC,0.292082746813403,train,CCOC(=O)CC,CCOC(=O)CC
CCCCCCCCC,1.803205938165235,train,CCCCCCCCC,CCCCCCCCC
CNC(C)=O,-1.611776420259817,train,CNC(C)=O,CNC(C)=O
C=CCCCCCCC,1.524909584508357,train,C=CCCCCCCC,C=CCCCCCCC
Oc1ccc2ccccc2c1,-1.120206225482715,valid,Oc1ccc2ccccc2c1,Oc1ccc2ccccc2c1
Clc1ccc(Cl)c(Cl)c1,0.697823225042122,train,Clc1ccc(Cl)c(Cl)c1,Clc1ccc(Cl)c(Cl)c1
OC[C@@H](O)[C@@H](O)[C@H](O)[C@H](O)CO,-5.15420290325671,train,OC[C@@H](O)[C@@H](O)[C@H](O)[C@H](O)CO,OC[C@@H](O)[C@@H](O)[C@H](O)[C@H](O)CO
CCCC(=O)OC,0.2530692392914109,train,CCCC(=O)OC,CCCC(=O)OC
O=Cc1ccccc1O,-0.2280973534798261,train,O=Cc1ccccc1O,O=Cc1ccccc1O
C1CNC1,-0.4569765976088472,test,C1CNC1,C1CNC1
CCCNCCC,0.0397953981711868,train,CCCNCCC,CCCNCCC
Nc1ccccc1,-0.4387702940985843,train,Nc1ccccc1,Nc1ccccc1
FC(F)(F)F,1.8006050376637688,train,FC(F)(F)F,FC(F)(F)F
CC[C@@H](C)CO,-0.1604739404417064,train,CC[C@@H](C)CO,CC[C@@H](C)CO
Oc1ccccc1I,-0.6234342297026808,train,Oc1ccccc1I,Oc1ccccc1I
COc1cccc(OC)c1O,-0.821102667814108,train,COc1cccc(OC)c1O,COc1cccc(OC)c1O
C#CCC,0.9475096731828724,train,C#CCC,C#CCC
FC(F)(F)c1ccccc1,0.924101568669677,train,FC(F)(F)c1ccccc1,FC(F)(F)c1ccccc1
NN,-1.4297133851571864,train,NN,NN
Cc1ccccn1,-0.2150928509724955,train,Cc1ccccn1,Cc1ccccn1
CCNc1nc(Cl)nc(NCC)n1,-1.6689962312920723,test,CCNc1nc(Cl)nc(NCC)n1,CCNc1nc(Cl)nc(NCC)n1
Clc1cc2c(cc1Cl)Oc1ccccc1O2,0.0632035026843821,valid,Clc1cc2c(cc1Cl)Oc1ccccc1O2,Clc1cc2c(cc1Cl)Oc1ccccc1O2
CCCCCCCCN,0.0397953981711868,train,CCCCCCCCN,CCCCCCCCN
N,-0.1266622339226465,train,N,N
FC(F)(F)c1ccccc1C(F)(F)F,1.2674204348632083,train,FC(F)(F)c1ccccc1C(F)(F)F,FC(F)(F)c1ccccc1C(F)(F)F
COC(=O)c1ccc(O)cc1,-1.4843322956879752,train,COC(=O)c1ccc(O)cc1,COC(=O)c1ccc(O)cc1
CCCCCc1ccccc1,0.9293033696726092,train,CCCCCc1ccccc1,CCCCCc1ccccc1
CC(F)F,0.9605141756902033,train,CC(F)F,CC(F)F
Nc1cnn(-c2ccccc2)c(=O)c1Cl,-3.284155442702549,test,Nc1cnn(-c2ccccc2)c(=O)c1Cl,Nc1cnn(-c2ccccc2)c(=O)c1Cl
C=CC=C,1.134774509288435,train,C=CC=C,C=CC=C
CN(C)C,0.1568359207371633,train,CN(C)C,CN(C)C
CCCCCC(N)=O,-1.4323142856586528,train,CCCCCC(N)=O,CCCCCC(N)=O
CC(C)CO[N+](=O)[O-],0.5001547869306949,train,CC(C)CO[N+](=O)[O-],CC(C)CO[N+](=O)[O-]
O=C1c2ccccc2C(=O)c2c(NCCO)cccc21,-2.706755531377065,valid,O=C1c2ccccc2C(=O)c2c(NCCO)cccc21,O=C1c2ccccc2C(=O)c2c(NCCO)cccc21
O=[N+]([O-])OCCO,-1.1384125289929778,train,O=[N+]([O-])OCCO,O=[N+]([O-])OCCO
CCCCCCC(C)=O,0.2400647367840802,train,CCCCCCC(C)=O,CCCCCCC(C)=O
CN1CCNCC1,-1.0317756084328658,test,CN1CCNCC1,CN1CCNCC1
CCN,-0.1812811444534355,train,CCN,CCN
C1=CC=CCC=C1,0.7316349315611821,test,C1=CC=CCC=C1,C1=CC=CCC=C1
c1ccc2c(c1)Cc1ccccc1C2,0.0059836916521269,test,c1ccc2c(c1)Cc1ccccc1C2,c1ccc2c(c1)Cc1ccccc1C2
CC(Cl)Cl,0.7706484390831744,train,CC(Cl)Cl,CC(Cl)Cl
COc1cccc(O)c1,-1.003165702916738,train,COc1cccc(O)c1,COc1cccc(O)c1
c1cc2c3c(cccc3c1)CC2,0.1698404232444942,test,c1cc2c3c(cccc3c1)CC2,c1cc2c3c(cccc3c1)CC2
CCCCCCCCBr,1.1243709072825705,train,CCCCCCCCBr,CCCCCCCCBr
OCc1ccccc1,-0.7326720507642589,train,OCc1ccccc1,OCc1ccccc1
O=c1[nH]cc(Br)c(=O)[nH]1,-3.736712129957659,valid,O=c1[nH]cc(Br)c(=O)[nH]1,O=c1[nH]cc(Br)c(=O)[nH]1
CCCC,1.5353131865142218,train,CCCC,CCCC
CCl,0.8460745536256925,train,CCl,CCl
CC(C)CBr,0.9813213797019325,train,CC(C)CBr,CC(C)CBr
CC(C)SC(C)C,0.6744151205289268,train,CC(C)SC(C)C,CC(C)SC(C)C
CCCCCCC,1.6835645150977925,train,CCCCCCC,CCCCCCC
c1c[nH]cn1,-1.5155431017055696,test,c1c[nH]cn1,c1c[nH]cn1
Clc1ccc2c(c1)Oc1cc(Cl)c(Cl)c(Cl)c1O2,-0.0096217113566698,valid,Clc1ccc2c(c1)Oc1cc(Cl)c(Cl)c(Cl)c1O2,Clc1ccc2c(c1)Oc1cc(Cl)c(Cl)c(Cl)c1O2
CC[C@H](C)n1c(=O)[nH]c(C)c(Br)c1=O,-1.5415521067202311,valid,CC[C@H](C)n1c(=O)[nH]c(C)c(Br)c1=O,CC[C@H](C)n1c(=O)[nH]c(C)c(Br)c1=O
ICI,0.3414998563412598,train,ICI,ICI
CCCSC(=O)N(CCC)CCC,-0.0850478258991881,train,CCCSC(=O)N(CCC)CCC,CCCSC(=O)N(CCC)CCC
C[N+](=O)[O-],-0.0564379203830604,train,C[N+](=O)[O-],C[N+](=O)[O-]
CCOC,0.4429349758984396,train,CCOC,CCOC
COC(CCl)(OC)OC,-0.2046892489666309,train,COC(CCl)(OC)OC,COC(CCl)(OC)OC
CC(C)C,1.5873311965435446,train,CC(C)C,CC(C)C
CC(C)CC(=O)O,-0.5948243241865531,train,CC(C)CC(=O)O,CC(C)CC(=O)O
CCOP(=O)(OCC)O/C(=C/Cl)c1ccc(Cl)cc1Cl,-0.8497125733302356,train,CCOP(=O)(OCC)O/C(=C/Cl)c1ccc(Cl)cc1Cl,CCOP(=O)(OCC)O/C(=C/Cl)c1ccc(Cl)cc1Cl
CCCCl,0.9032943646579478,train,CCCCl,CCCCl
CCCSCCC,0.6562088170186638,train,CCCSCCC,CCCSCCC
CCC[C@@H](O)CC,-0.066841522388925,train,CCC[C@@H](O)CC,CCC[C@@H](O)CC
CC#N,-0.0200253133625344,train,CC#N,CC#N
CN(CC(F)(F)F)c1ccccc1,0.4897511849248303,train,CN(CC(F)(F)F)c1ccccc1,CN(CC(F)(F)F)c1ccccc1
FC(F)O[C@H](Cl)C(F)(F)F,1.0151330862209922,train,FC(F)O[C@H](Cl)C(F)(F)F,FC(F)O[C@H](Cl)C(F)(F)F
C=CCCC=C,1.2518150318544117,train,C=CCCC=C,C=CCCC=C
Cc1cccc(C)c1,0.7732493395846405,train,Cc1cccc(C)c1,Cc1cccc(C)c1
COC(C)=O,0.1750422242474265,train,COC(C)=O,COC(C)=O
COC(OC)(OC)c1ccccc1,-0.0616397213859928,train,COC(OC)(OC)c1ccccc1,COC(OC)(OC)c1ccccc1
CCOC(=O)c1ccccc1,0.0423962986726529,train,CCOC(=O)c1ccccc1,CCOC(=O)c1ccccc1
CCCS,0.7030250260450543,train,CCCS,CCCS
CCCCCC(C)=O,0.1984503287606218,train,CCCCCC(C)=O,CCCCCC(C)=O
CNC(=O)Oc1cccc2c1OC(C)(C)C2,-1.5103413007026372,test,CNC(=O)Oc1cccc2c1OC(C)(C)C2,CNC(=O)Oc1cccc2c1OC(C)(C)C2
BrCc1ccccc1,0.3701097618573876,train,BrCc1ccccc1,BrCc1ccccc1
CCCCCC(=O)OCC,0.4091232693793797,train,CCCCCC(=O)OCC,CCCCCC(=O)OCC
CCCOC,0.5573745979629502,train,CCCOC,CCCOC
CN1CCOCC1,-0.6546450357202745,test,CN1CCOCC1,CN1CCOCC1
N#Cc1cccc(O)c1,-1.5207449027085018,train,N#Cc1cccc(O)c1,N#Cc1cccc(O)c1
Clc1ccc(-c2c(Cl)c(Cl)cc(Cl)c2Cl)cc1Cl,-0.1500703384358418,train,Clc1ccc(-c2c(Cl)c(Cl)cc(Cl)c2Cl)cc1Cl,Clc1ccc(-c2c(Cl)c(Cl)cc(Cl)c2Cl)cc1Cl
CCCc1ccccc1,0.8512763546286249,train,CCCc1ccccc1,CCCc1ccccc1
Cn1c(=O)c2c(ncn2C)n(C)c1=O,-2.29841415264688,test,Cn1c(=O)c2c(ncn2C)n(C)c1=O,Cn1c(=O)c2c(ncn2C)n(C)c1=O
CNC,-0.1266622339226465,train,CNC,CNC
FC(F)=C(F)C(F)(F)F,1.751187928135912,train,FC(F)=C(F)C(F)(F)F,FC(F)=C(F)C(F)(F)F
Oc1ccc(Cl)cc1,-0.8393089713243711,train,Oc1ccc(Cl)cc1,Oc1ccc(Cl)cc1
C1CCNCC1,-0.3399360750428707,test,C1CCNCC1,C1CCNCC1
c1ccc2c(c1)ccc1ccccc12,-0.0200253133625344,test,c1ccc2c(c1)ccc1ccccc12,c1ccc2c(c1)ccc1ccccc12
CI,0.7576439365758435,train,CI,CI
COc1c(Cl)cc(Cl)c(OC)c1O,-0.6858558417378683,train,COc1c(Cl)cc(Cl)c(OC)c1O,COc1c(Cl)cc(Cl)c(OC)c1O
Cl/C=C/Cl,0.7862538420919712,train,Cl/C=C/Cl,Cl/C=C/Cl
CCCCC,1.5873311965435446,train,CCCCC,CCCCC
CCCC#N,0.0423962986726529,train,CCCC#N,CCCC#N
F[C@H](Br)C(F)(F)F,1.119169106279638,train,F[C@H](Br)C(F)(F)F,F[C@H](Br)C(F)(F)F
CC(C)Cc1cnccn1,-0.3217297715326076,test,CC(C)Cc1cnccn1,CC(C)Cc1cnccn1
CC[C@H](C)O[N+](=O)[O-],0.5157601899394918,train,CC[C@H](C)O[N+](=O)[O-],CC[C@H](C)O[N+](=O)[O-]
Clc1ccc(Cl)c(-c2ccccc2)c1,0.3493025578456584,train,Clc1ccc(Cl)c(-c2ccccc2)c1,Clc1ccc(Cl)c(-c2ccccc2)c1
Clc1cc(-c2ccccc2)c(Cl)c(Cl)c1Cl,0.0840107066961113,train,Clc1cc(-c2ccccc2)c(Cl)c(Cl)c1Cl,Clc1cc(-c2ccccc2)c(Cl)c(Cl)c1Cl
CC[C@@H](C)C(C)C,1.6445510075758,train,CC[C@@H](C)C(C)C,CC[C@@H](C)C(C)C
CC(C)C[C@@H](C)O,0.0189881941594576,train,CC(C)C[C@@H](C)O,CC(C)C[C@@H](C)O
C1CCOCC1,0.1776431247488926,valid,C1CCOCC1,C1CCOCC1
C1CC1,1.1841916188162915,test,C1CC1,C1CC1
Clc1cc(-c2cc(Cl)c(Cl)c(Cl)c2Cl)cc(Cl)c1Cl,0.1646386222415619,train,Clc1cc(-c2cc(Cl)c(Cl)c(Cl)c2Cl)cc(Cl)c1Cl,Clc1cc(-c2cc(Cl)c(Cl)c(Cl)c2Cl)cc(Cl)c1Cl
C=C(Cl)Cl,1.054146593742984,train,C=C(Cl)Cl,C=C(Cl)Cl
CC(C)CO,-0.1812811444534355,train,CC(C)CO,CC(C)CO
CCCOC(=O)CC,0.3545043588485906,train,CCCOC(=O)CC,CCCOC(=O)CC
ClC(Cl)(Cl)C(Cl)(Cl)Cl,0.8226664491124972,train,ClC(Cl)(Cl)C(Cl)(Cl)Cl,ClC(Cl)(Cl)C(Cl)(Cl)Cl
CSc1ccccc1,0.2790782443060723,train,CSc1ccccc1,CSc1ccccc1
CCc1ccccc1O,-0.4829856026235087,train,CCc1ccccc1O,CCc1ccccc1O
CC(C)(C)Cl,1.2726222358661408,train,CC(C)(C)Cl,CC(C)(C)Cl
C=CC(=C)C,1.165985315306029,train,C=CC(=C)C,C=CC(=C)C
Cc1ccc(C(C)C)cc1,0.8122628471066327,train,Cc1ccc(C(C)C)cc1,Cc1ccc(C(C)C)cc1
Cn1ccnc1,-1.198233240526699,test,Cn1ccnc1,Cn1ccnc1
OCCO,-1.4297133851571864,train,OCCO,OCCO
Clc1ccccc1Cl,0.6354016130069347,train,Clc1ccccc1Cl,Clc1ccccc1Cl
O=c1cc(Cl)[nH]c(=O)[nH]1,-3.1281014126145807,valid,O=c1cc(Cl)[nH]c(=O)[nH]1,O=c1cc(Cl)[nH]c(=O)[nH]1
CCCOC=O,0.344100756842726,train,CCCOC=O,CCCOC=O
Clc1ccc2c(c1)Oc1ccccc1O2,0.1828449257518249,valid,Clc1ccc2c(c1)Oc1ccccc1O2,Clc1ccc2c(c1)Oc1ccccc1O2
CCCCCC(=O)O,-0.6260351302041468,train,CCCCCC(=O)O,CCCCCC(=O)O
CCOC(=O)CCC(=O)OCC,-0.4959901051308394,train,CCOC(=O)CCC(=O)OCC,CCOC(=O)CCC(=O)OCC
Cc1ccnc(C)c1,-0.274913562506217,train,Cc1ccnc(C)c1,Cc1ccnc(C)c1
C1=CCCCC1,1.0255366882268568,valid,C1=CCCCC1,C1=CCCCC1
CN1CCN(C)CC1,-0.9823584989050091,test,CN1CCN(C)CC1,CN1CCN(C)CC1
Clc1ccc(-c2cc(Cl)c(Cl)c(Cl)c2Cl)cc1Cl,0.1984503287606218,train,Clc1ccc(-c2cc(Cl)c(Cl)c(Cl)c2Cl)cc1Cl,Clc1ccc(-c2cc(Cl)c(Cl)c(Cl)c2Cl)cc1Cl
O=C1C=CC(=O)C=C1,-0.7014612447466652,test,O=C1C=CC(=O)C=C1,O=C1C=CC(=O)C=C1
COC(=O)CCl,-0.0512361193801282,train,COC(=O)CCl,COC(=O)CCl
CCCC=O,0.1620377217400957,train,CCCC=O,CCCC=O
CCc1ccccc1,0.783652941590505,train,CCc1ccccc1,CCc1ccccc1
ClC=C(Cl)Cl,0.8746844591418202,train,ClC=C(Cl)Cl,ClC=C(Cl)Cl
CCN(CC)CC,0.151634119734231,train,CCN(CC)CC,CCN(CC)CC
Clc1ccc2c(c1)Oc1c(Cl)c(Cl)c(Cl)c(Cl)c1O2,-0.0902496269021205,valid,Clc1ccc2c(c1)Oc1c(Cl)c(Cl)c(Cl)c(Cl)c1O2,Clc1ccc2c(c1)Oc1c(Cl)c(Cl)c(Cl)c(Cl)c1O2
Cc1ccncc1C,-0.3685459805589981,train,Cc1ccncc1C,Cc1ccncc1C
O=c1[nH]c(=O)[nH]c(=O)[nH]1,-3.7081022244415314,test,O=c1[nH]c(=O)[nH]c(=O)[nH]1,O=c1[nH]c(=O)[nH]c(=O)[nH]1
O=Cc1ccccc1,-0.0564379203830604,train,O=Cc1ccccc1,O=Cc1ccccc1
Clc1ccccn1,-0.1526712389373078,train,Clc1ccccn1,Clc1ccccn1
C=CCCl,0.8408727526227603,train,C=CCCl,C=CCCl
CC(=O)c1ccc(C)cc1,-0.2332991544827586,train,CC(=O)c1ccc(C)cc1,CC(=O)c1ccc(C)cc1
C=O,0.2738764433031401,train,C=O,C=O
Cc1ccccc1Cl,0.6926214240391898,train,Cc1ccccc1Cl,Cc1ccccc1Cl
CC(=O)N1CCCC1,-1.5597584102304942,test,CC(=O)N1CCCC1,CC(=O)N1CCCC1
COC(C)(OC)OC,-0.1604739404417064,train,COC(C)(OC)OC,COC(C)(OC)OC
CCCCc1ccccc1,0.8850880611476848,train,CCCCc1ccccc1,CCCCc1ccccc1
CN(C)c1ccccc1,0.0918134082005097,train,CN(C)c1ccccc1,CN(C)c1ccccc1
COC(C)C,0.466343080411635,train,COC(C)C,COC(C)C
Clc1c(Cl)c(Cl)c2c(c1Cl)Oc1c(Cl)c(Cl)c(Cl)c(Cl)c1O2,-0.1890838459578341,valid,Clc1c(Cl)c(Cl)c2c(c1Cl)Oc1c(Cl)c(Cl)c(Cl)c(Cl)c1O2,Clc1c(Cl)c(Cl)c2c(c1Cl)Oc1c(Cl)c(Cl)c(Cl)c(Cl)c1O2
Clc1c(Cl)c(Cl)c(-c2c(Cl)c(Cl)c(Cl)c(Cl)c2Cl)c(Cl)c1Cl,0.2140557317694187,train,Clc1c(Cl)c(Cl)c(-c2c(Cl)c(Cl)c(Cl)c(Cl)c2Cl)c(Cl)c1Cl,Clc1c(Cl)c(Cl)c(-c2c(Cl)c(Cl)c(Cl)c(Cl)c2Cl)c(Cl)c1Cl
ClCC(Cl)Cl,0.4715448814145672,train,ClCC(Cl)Cl,ClCC(Cl)Cl
CNc1ccccc1,-0.2306982539812924,train,CNc1ccccc1,CNc1ccccc1
CC(=O)OC(C)C,0.3024863488192676,train,CC(=O)OC(C)C,CC(=O)OC(C)C
c1ccccc1,0.7550430360743775,train,c1ccccc1,c1ccccc1
Clc1cccc(Cl)c1Cl,0.6666124190245284,train,Clc1cccc(Cl)c1Cl,Clc1cccc(Cl)c1Cl
CCOP(=S)(OCC)SCSc1ccc(Cl)cc1,-0.7014612447466652,train,CCOP(=S)(OCC)SCSc1ccc(Cl)cc1,CCOP(=S)(OCC)SCSc1ccc(Cl)cc1
COP(=S)(OC)SCn1nnc2ccccc2c1=O,-1.619579121764215,test,COP(=S)(OC)SCn1nnc2ccccc2c1=O,COP(=S)(OC)SCn1nnc2ccccc2c1=O
Clc1cc(Cl)c2c(c1Cl)Oc1ccccc1O2,-0.0642406218874589,valid,Clc1cc(Cl)c2c(c1Cl)Oc1ccccc1O2,Clc1cc(Cl)c2c(c1Cl)Oc1ccccc1O2
C=C(C)C(=C)C,1.0931601012649763,train,C=C(C)C(=C)C,C=C(C)C(=C)C
C=CCCCC,1.4000663604379815,train,C=CCCCC,C=CCCCC
S,0.8070610461037004,train,S,S
CCOCC,0.5755809014732132,train,CCOCC,CCOCC
CCNc1nc(NC(C)C)nc(SC)n1,-1.000564802415272,test,CCNc1nc(NC(C)C)nc(SC)n1,CCNc1nc(NC(C)C)nc(SC)n1
CCCCOC(=O)c1ccc(O)cc1,-1.27886115607215,train,CCCCOC(=O)c1ccc(O)cc1,CCCCOC(=O)c1ccc(O)cc1
CCCCCCOC(C)=O,0.4013205678749814,train,CCCCCCOC(C)=O,CCCCCCOC(C)=O
O=C1CCCC1,-0.2332991544827586,test,O=C1CCCC1,O=C1CCCC1
CCCCC(=O)O,-0.6130306276968162,train,CCCCC(=O)O,CCCCC(=O)O
CCBr,0.7966574440978358,train,CCBr,CCBr
Cc1ccc2cc(C)ccc2c1,0.3050872493207339,valid,Cc1ccc2cc(C)ccc2c1,Cc1ccc2cc(C)ccc2c1
CCCCCCO,-0.1552721394387742,train,CCCCCCO,CCCCCCO
Clc1ccccc1-c1ccccc1,0.2894818463119369,train,Clc1ccccc1-c1ccccc1,Clc1ccccc1-c1ccccc1
CC1=CCCCC1,1.163384414804563,valid,CC1=CCCCC1,CC1=CCCCC1
CCCCCCO[N+](=O)[O-],0.5573745979629502,train,CCCCCCO[N+](=O)[O-],CCCCCCO[N+](=O)[O-]
BrC(Br)Br,0.4351322743940412,train,BrC(Br)Br,BrC(Br)Br
CCc1ccc(O)cc1,-0.6052279261924176,train,CCc1ccc(O)cc1,CCc1ccc(O)cc1
CCCOCCO,-0.6754522397320037,train,CCCOCCO,CCCOCCO
O=COc1ccccc1,-0.0044199103537375,train,O=COc1ccccc1,O=COc1ccccc1
O=c1[nH]cc(I)c(=O)[nH]1,-3.8797616575382974,valid,O=c1[nH]cc(I)c(=O)[nH]1,O=c1[nH]cc(I)c(=O)[nH]1
CCCC(=O)O,-0.6624477372246729,train,CCCC(=O)O,CCCC(=O)O
COC(OC)(OC)C(F)(F)F,0.7810520410890388,train,COC(OC)(OC)C(F)(F)F,COC(OC)(OC)C(F)(F)F
O[C@@H]1[C@@H](O)[C@@H](O)OC[C@H]1O,-4.347923747802204,valid,O[C@@H]1[C@@H](O)[C@@H](O)OC[C@H]1O,O[C@@H]1[C@@H](O)[C@@H](O)OC[C@H]1O
FC(F)(F)Br,1.454685270968771,train,FC(F)(F)Br,FC(F)(F)Br
CCCCO,-0.2385009554856908,train,CCCCO,CCCCO
Fc1ccccc1,0.7810520410890388,train,Fc1ccccc1,Fc1ccccc1
CCOC(C)=O,0.2244593337752833,train,CCOC(C)=O,CCOC(C)=O
CC(C)COC(=O)C(C)C,0.5495718964585518,train,CC(C)COC(=O)C(C)C,CC(C)COC(=O)C(C)C
COC(C)(C)C,0.414325070382312,train,COC(C)(C)C,COC(C)(C)C
ClC1=C(Cl)[C@]2(Cl)[C@@H]3[C@@H](Cl)C=C[C@@H]3[C@@]1(Cl)C2(Cl)Cl,0.3258944533324631,test,ClC1=C(Cl)[C@]2(Cl)[C@@H]3[C@@H](Cl)C=C[C@@H]3[C@@]1(Cl)C2(Cl)Cl,ClC1=C(Cl)[C@]2(Cl)[C@@H]3[C@@H](Cl)C=C[C@@H]3[C@@]1(Cl)C2(Cl)Cl
CCC(=O)CC,0.1022170102063743,train,CCC(=O)CC,CCC(=O)CC
COC(=O)C(F)(F)F,0.7030250260450543,train,COC(=O)C(F)(F)F,COC(=O)C(F)(F)F
c1ccc2ccccc2c1,0.3649079608544552,valid,c1ccc2ccccc2c1,c1ccc2ccccc2c1
Clc1ccc(-c2cc(Cl)c(Cl)c(Cl)c2Cl)c(Cl)c1Cl,-0.1552721394387742,train,Clc1ccc(-c2cc(Cl)c(Cl)c(Cl)c2Cl)c(Cl)c1Cl,Clc1ccc(-c2cc(Cl)c(Cl)c(Cl)c2Cl)c(Cl)c1Cl
CC(=O)Oc1ccccc1C(=O)O,-1.59617101725102,train,CC(=O)Oc1ccccc1C(=O)O,CC(=O)Oc1ccccc1C(=O)O
CC(=O)C(C)(C)C,0.1802440252503588,train,CC(=O)C(C)(C)C,CC(=O)C(C)(C)C
COS(C)(=O)=O,-0.2775144630076831,train,COS(C)(=O)=O,COS(C)(=O)=O
CCc1ccncc1,-0.241101855987157,train,CCc1ccncc1,CCc1ccncc1
CC(C)NC(C)C,0.151634119734231,train,CC(C)NC(C)C,CC(C)NC(C)C
Clc1ccc2c(c1)Oc1ccc(Cl)cc1O2,0.0345935971682545,valid,Clc1ccc2c(c1)Oc1ccc(Cl)cc1O2,Clc1ccc2c(c1)Oc1ccc(Cl)cc1O2
CCCCCCCN,0.0033827911506607,train,CCCCCCCN,CCCCCCCN
CC1CCCC1,1.4026672609394482,valid,CC1CCCC1,CC1CCCC1
CCC,1.50930418149956,train,CCC,CCC
C[C@H]1CCCO1,0.130826915722502,valid,C[C@H]1CCCO1,C[C@H]1CCCO1
CNC(=O)Oc1cccc2ccccc12,-1.4687268926791786,valid,CNC(=O)Oc1cccc2ccccc12,CNC(=O)Oc1cccc2ccccc12
O=Cc1cccc(O)c1,-1.4869331961894416,train,O=Cc1cccc(O)c1,O=Cc1cccc(O)c1
c1ccc2cc3ccccc3cc2c1,-0.0382316168727975,test,c1ccc2cc3ccccc3cc2c1,c1ccc2cc3ccccc3cc2c1
ClCCl,0.6484061155142653,train,ClCCl,ClCCl
COC(=O)C(C)(C)C,0.3649079608544552,train,COC(=O)C(C)(C)C,COC(=O)C(C)(C)C
O=[N+]([O-])C(Cl)(Cl)Cl,0.6119935084937393,train,O=[N+]([O-])C(Cl)(Cl)Cl,O=[N+]([O-])C(Cl)(Cl)Cl
[O-][S+2]1([O-])CCCC1,-1.2502512505560222,test,[O-][S+2]1([O-])CCCC1,[O-][S+2]1([O-])CCCC1
Cc1cccc(C)c1O,-0.3789495825648628,train,Cc1cccc(C)c1O,Cc1cccc(C)c1O
Cc1cccc(O)c1,-0.4387702940985843,train,Cc1cccc(O)c1,Cc1cccc(O)c1
Nc1ccc(O)c2c1C(=O)c1ccccc1C2=O,-1.4895340966909076,valid,Nc1ccc(O)c2c1C(=O)c1ccccc1C2=O,Nc1ccc(O)c2c1C(=O)c1ccccc1C2=O
Nc1ccc(N)c2c1C(=O)c1ccccc1C2=O,-2.092943013031054,valid,Nc1ccc(N)c2c1C(=O)c1ccccc1C2=O,Nc1ccc(N)c2c1C(=O)c1ccccc1C2=O
CCCCCCCC(C)=O,0.3414998563412598,train,CCCCCCCC(C)=O,CCCCCCCC(C)=O
CCCCN,-0.1136577314153158,train,CCCCN,CCCCN
CCCC(=O)OCC,0.3414998563412598,train,CCCC(=O)OCC,CCCC(=O)OCC
Cc1ccc(N)cc1,-0.4595774981103134,train,Cc1ccc(N)cc1,Cc1ccc(N)cc1
CCCCCCI,1.0099312852180595,train,CCCCCCI,CCCCCCI
FC(F)(Cl)C(F)(Cl)Cl,1.4494834699658383,train,FC(F)(Cl)C(F)(Cl)Cl,FC(F)(Cl)C(F)(Cl)Cl
COP(=O)(OC)OC,-1.2736593550692177,train,COP(=O)(OC)OC,COP(=O)(OC)OC
Clc1cccc(Cl)c1,0.7342358320626482,train,Clc1cccc(Cl)c1,Clc1cccc(Cl)c1
Cc1cc(C)c2ccccc2c1,0.3467016573441921,valid,Cc1cc(C)c2ccccc2c1,Cc1cc(C)c2ccccc2c1
CCCC(C)C,1.641950107074334,train,CCCC(C)C,CCCC(C)C
CCOP(=S)(OCC)Oc1nc(Cl)c(Cl)cc1Cl,-0.3217297715326076,train,CCOP(=S)(OCC)Oc1nc(Cl)c(Cl)cc1Cl,CCOP(=S)(OCC)Oc1nc(Cl)c(Cl)cc1Cl
FC(F)(F)CCl,1.0047294842151275,train,FC(F)(F)CCl,FC(F)(F)CCl
C=C,1.3220393453939974,train,C=C,C=C
CCCCCI,0.9527114741858046,train,CCCCCI,CCCCCI
COC(OC)OC,-0.1604739404417064,train,COC(OC)OC,COC(OC)OC
CCCCCCCCCC,1.811008639669633,train,CCCCCCCCCC,CCCCCCCCCC
C[C@@H](CO[N+](=O)[O-])O[N+](=O)[O-],-0.2983216670194123,train,C[C@@H](CO[N+](=O)[O-])O[N+](=O)[O-],C[C@@H](CO[N+](=O)[O-])O[N+](=O)[O-]
C=CC,1.332442947399862,train,C=CC,C=CC
Cc1c[nH]c2ccccc12,-0.540205413655764,test,Cc1c[nH]c2ccccc12,Cc1c[nH]c2ccccc12
COP(=O)(OC)[C@@H](O)C(Cl)(Cl)Cl,-2.324423157661541,train,COP(=O)(OC)[C@@H](O)C(Cl)(Cl)Cl,COP(=O)(OC)[C@@H](O)C(Cl)(Cl)Cl
C1CCCCC1,1.3090348428866667,valid,C1CCCCC1,C1CCCCC1
CC(C)=CCC/C(C)=C/CO,-0.1682766419461048,train,CC(C)=CCC/C(C)=C/CO,CC(C)=CCC/C(C)=C/CO
CC(C)c1ccccc1,0.9110970661623464,train,CC(C)c1ccccc1,CC(C)c1ccccc1
CC(C)C(C)C(C)C,1.6549546095816643,train,CC(C)C(C)C(C)C,CC(C)C(C)C(C)C
CC(=O)C(C)C,0.1464323187312987,train,CC(=O)C(C)C,CC(=O)C(C)C
CCCCNCCCC,0.1464323187312987,train,CCCCNCCCC,CCCCNCCCC
CCCCS,0.7316349315611821,train,CCCCS,CCCCS
Clc1c(Cl)c(Cl)c2c(c1Cl)Oc1ccccc1O2,-0.0018190098522714,valid,Clc1c(Cl)c(Cl)c2c(c1Cl)Oc1ccccc1O2,Clc1c(Cl)c(Cl)c2c(c1Cl)Oc1ccccc1O2
COc1c(O)c(OC)c(Cl)c(C=O)c1Cl,-1.2684575540662852,train,COc1c(O)c(OC)c(Cl)c(C=O)c1Cl,COc1c(O)c(OC)c(Cl)c(C=O)c1Cl
NC1CCCCC1,-0.2046892489666309,valid,NC1CCCCC1,NC1CCCCC1
FC(F)Cl,0.8590790561330233,train,FC(F)Cl,FC(F)Cl
COC(=O)c1ccc([N+](=O)[O-])cc1,-0.8002954638023788,train,COC(=O)c1ccc([N+](=O)[O-])cc1,COC(=O)c1ccc([N+](=O)[O-])cc1
CC(=O)c1cccnc1,-1.1592197330047074,train,CC(=O)c1cccnc1,CC(=O)c1cccnc1
C#CC,0.8642808571359556,train,C#CC,C#CC
CCCCCCCCC=O,0.4507376774028381,train,CCCCCCCCC=O,CCCCCCCCC=O
CCC(=O)O,-0.6910576427408005,train,CCC(=O)O,CCC(=O)O
ClC(Cl)Cl,0.7082268270479867,train,ClC(Cl)Cl,ClC(Cl)Cl
Cc1cccc(C)c1C,0.6744151205289268,train,Cc1cccc(C)c1C,Cc1cccc(C)c1C
C,1.50930418149956,train,C,C
ClCc1ccccc1,0.4871502844233642,train,ClCc1ccccc1,ClCc1ccccc1
CC1CCCCC1,1.4312771664555757,valid,CC1CCCCC1,CC1CCCCC1
Cc1cccs1,0.6301998120040023,test,Cc1cccs1,Cc1cccs1
c1ccncc1,-0.2306982539812924,train,c1ccncc1,c1ccncc1
CCCCCl,0.9475096731828724,train,CCCCCl,CCCCCl
C[C@H]1CC[C@H](C)O1,0.2296611347782156,valid,C[C@H]1CC[C@H](C)O1,C[C@H]1CC[C@H](C)O1
COc1cc(C)ccc1O,-0.5193982096440348,train,COc1cc(C)ccc1O,COc1cc(C)ccc1O
ClC1=C(Cl)[C@]2(Cl)[C@@H]3[C@@H]([C@H](Cl)C[C@@H]3Cl)[C@@]1(Cl)C2(Cl)Cl,0.0944143087019759,test,ClC1=C(Cl)[C@]2(Cl)[C@@H]3[C@@H]([C@H](Cl)C[C@@H]3Cl)[C@@]1(Cl)C2(Cl)Cl,ClC1=C(Cl)[C@]2(Cl)[C@@H]3[C@@H]([C@H](Cl)C[C@@H]3Cl)[C@@]1(Cl)C2(Cl)Cl
Cc1ccccc1,0.7550430360743775,train,Cc1ccccc1,Cc1ccccc1
CC(C)COC=O,0.4117241698808458,train,CC(C)COC=O,CC(C)COC=O
CCOC(=O)c1ccc(O)cc1,-1.4037043801425249,train,CCOC(=O)c1ccc(O)cc1,CCOC(=O)c1ccc(O)cc1
CCOCCOCC,0.0684053036873144,train,CCOCCOCC,CCOCCOCC
CCCCCOC(=O)CC,0.4403340753969735,train,CCCCCOC(=O)CC,CCCCCOC(=O)CC
CCCc1ccc(O)cc1,-0.3659450800575321,train,CCCc1ccc(O)cc1,CCCc1ccc(O)cc1
CC=C(C)C,1.3298420468983958,train,CC=C(C)C,CC=C(C)C
ClCCCl,0.5235628914438902,train,ClCCCl,ClCCCl
CCC(C)(C)CC,1.6549546095816643,train,CCC(C)(C)CC,CCC(C)(C)CC
Cc1cc2ccccc2cc1C,0.2660737417987417,valid,Cc1cc2ccccc2cc1C,Cc1cc2ccccc2cc1C
Cc1cccc(C)n1,-0.2046892489666309,train,Cc1cccc(C)n1,Cc1cccc(C)n1
COC(F)(F)C(Cl)Cl,0.697823225042122,train,COC(F)(F)C(Cl)Cl,COC(F)(F)C(Cl)Cl
CCOCCOC(C)=O,-0.3919540850721935,train,CCOCCOC(C)=O,CCOCCOC(C)=O
COc1cccc(N)c1,-0.9069323843624908,train,COc1cccc(N)c1,COc1cccc(N)c1
O=Cc1cccnc1,-0.857515274834634,train,O=Cc1cccnc1,O=Cc1cccnc1
CCC(C)(C)O,-0.1630748409431724,train,CCC(C)(C)O,CCC(C)(C)O
CCc1cccc(CC)c1N(COC)C(=O)CCl,-1.1462152304973767,train,CCc1cccc(CC)c1N(COC)C(=O)CCl,CCc1cccc(CC)c1N(COC)C(=O)CCl
Cn1cccc1,0.237463836282614,test,Cn1cccc1,Cn1cccc1
COCOC,0.2270602342767494,train,COCOC,COCOC
CCC(O)CC,-0.1422676369314432,train,CCC(O)CC,CCC(O)CC
CCCCCCCCCC(C)=O,0.4299304733911089,train,CCCCCCCCCC(C)=O,CCCCCCCCCC(C)=O
ClCCBr,0.4819484834204318,train,ClCCBr,ClCCBr
Ic1ccccc1,0.5365673939512211,train,Ic1ccccc1,Ic1ccccc1
CC1=CC(=O)CC(C)(C)C1,-0.3581423785531335,test,CC1=CC(=O)CC(C)(C)C1,CC1=CC(=O)CC(C)(C)C1
CCI,0.7966574440978358,train,CCI,CCI
CCCc1ccc(O)c(OC)c1,-0.3789495825648628,train,CCCc1ccc(O)c(OC)c1,CCCc1ccc(O)c(OC)c1
CC(C)Br,0.8642808571359556,train,CC(C)Br,CC(C)Br
Cc1ccc(Br)cc1,0.6275989115025361,train,Cc1ccc(Br)cc1,Cc1ccc(Br)cc1
N#Cc1ccc(O)cc1,-1.6559917287847414,train,N#Cc1ccc(O)cc1,N#Cc1ccc(O)cc1
CS(C)(=O)=O,-1.632583624271546,train,CS(C)(=O)=O,CS(C)(=O)=O
CCc1cccc(O)c1,-0.6364387322100115,train,CCc1cccc(O)c1,CCc1cccc(O)c1
C=C(C)[C@@H]1CC=C(C)[C@@H](O)C1,-0.1656757414446388,valid,C=C(C)[C@@H]1CC=C(C)[C@@H](O)C1,C=C(C)[C@@H]1CC=C(C)[C@@H](O)C1
Brc1ccc(Br)cc1,0.3909169658691168,train,Brc1ccc(Br)cc1,Brc1ccc(Br)cc1
COc1c(Cl)ccc(Cl)c1C(=O)O,-1.5753638132392906,train,COc1c(Cl)ccc(Cl)c1C(=O)O,COc1c(Cl)ccc(Cl)c1C(=O)O
C/C=C\CC,1.3298420468983958,train,C/C=C\CC,C/C=C\CC
CC,1.4650888729746356,train,CC,CC
COc1ccccc1OC,-0.397155886075126,train,COc1ccccc1OC,COc1ccccc1OC
CCSCC,0.6093926079922731,train,CCSCC,CCSCC
N#Cc1cccnc1,-0.7664837572833189,train,N#Cc1cccnc1,N#Cc1cccnc1
Oc1ccc(Cl)c(Cl)c1,-0.9069323843624908,train,Oc1ccc(Cl)c(Cl)c1,Oc1ccc(Cl)c(Cl)c1
COc1ccccc1,0.3519034583471244,train,COc1ccccc1,COc1ccccc1
Cc1ccc(C)c(O)c1,-0.5480081151601625,train,Cc1ccc(C)c(O)c1,Cc1ccc(C)c(O)c1
Clc1ccc(Cl)cc1,0.7264331305582497,train,Clc1ccc(Cl)cc1,Clc1ccc(Cl)cc1
FCCl,0.7888547425934374,train,FCCl,FCCl
C=CCCC,1.4260753654526437,train,C=CCCC,C=CCCC
Clc1ccc(Cl)c(Cl)c1Cl,0.6406034140098668,train,Clc1ccc(Cl)c(Cl)c1Cl,Clc1ccc(Cl)c(Cl)c1Cl
C#CCCCCC,1.1451781112942996,train,C#CCCCCC,C#CCCCCC
CCCCCCCCC(C)=O,0.3805133638632522,train,CCCCCCCCC(C)=O,CCCCCCCCC(C)=O
Clc1ccccc1,0.697823225042122,train,Clc1ccccc1,Clc1ccccc1
CN(C)CCOC(c1ccccc1)c1ccccc1,-1.4401169871630508,test,CN(C)CCOC(c1ccccc1)c1ccccc1,CN(C)CCOC(c1ccccc1)c1ccccc1
CCCCC=O,0.201051229262088,train,CCCCC=O,CCCCC=O
c1ccc(Oc2ccccc2)cc1,0.2426656372855463,test,c1ccc(Oc2ccccc2)cc1,c1ccc(Oc2ccccc2)cc1
O=C1CCCCC1,-0.2879180650135477,train,O=C1CCCCC1,O=C1CCCCC1
CCCC[N+](=O)[O-],0.1854458262532911,train,CCCC[N+](=O)[O-],CCCC[N+](=O)[O-]
O=Cc1ccncc1,-0.8315062698199726,train,O=Cc1ccncc1,O=Cc1ccncc1
ClCCOCCCl,-0.1110568309138497,train,ClCCOCCCl,ClCCOCCCl
CC[N+](=O)[O-],0.0241899951623899,train,CC[N+](=O)[O-],CC[N+](=O)[O-]
Clc1cccnc1,-0.0538370198815943,train,Clc1cccnc1,Clc1cccnc1
CBr,0.7758502400861067,train,CBr,CBr
CO,-0.3373351745414044,train,CO,CO
CCCCCCC=O,0.2946836473148693,train,CCCCCCC=O,CCCCCCC=O
Clc1cccc(Cl)c1-c1c(Cl)cccc1Cl,0.396118766872049,train,Clc1cccc(Cl)c1-c1c(Cl)cccc1Cl,Clc1cccc(Cl)c1-c1c(Cl)cccc1Cl
Nc1ccccc1[N+](=O)[O-],-0.92773958837422,train,Nc1ccccc1[N+](=O)[O-],Nc1ccccc1[N+](=O)[O-]
CN1CCCCC1,-0.0200253133625344,test,CN1CCCCC1,CN1CCCCC1
CCCCCCCC=O,0.3935178663705828,train,CCCCCCCC=O,CCCCCCCC=O
O=[N+]([O-])c1ccccc1,-0.082446925397722,train,O=[N+]([O-])c1ccccc1,O=[N+]([O-])c1ccccc1
CC(C)[C@@H]1CC[C@@H](C)CC1=O,0.3310962543353954,train,CC(C)[C@@H]1CC[C@@H](C)CC1=O,CC(C)[C@@H]1CC[C@@H](C)CC1=O
OC[C@H]1O[C@@H](O)[C@H](O)[C@@H](O)[C@@H]1O,-5.635369496027947,valid,OC[C@H]1O[C@@H](O)[C@H](O)[C@@H](O)[C@@H]1O,OC[C@H]1O[C@@H](O)[C@H](O)[C@@H](O)[C@@H]1O
CF,0.9319042701740754,train,CF,CF
CS(C)=O,-1.424511584154254,train,CS(C)=O,CS(C)=O
c1ccc2c(c1)Oc1ccccc1O2,0.1698404232444942,valid,c1ccc2c(c1)Oc1ccccc1O2,c1ccc2c(c1)Oc1ccccc1O2
Cc1ccccc1N,-0.4491738961044488,train,Cc1ccccc1N,Cc1ccccc1N
CCCCBr,0.8850880611476848,train,CCCCBr,CCCCBr
CCCCCCCCCO,-0.0200253133625344,train,CCCCCCCCCO,CCCCCCCCCO
Cc1ccncc1,-0.2931198660164799,train,Cc1ccncc1,Cc1ccncc1
ClC(Cl)=C(Cl)Cl,1.0151330862209922,train,ClC(Cl)=C(Cl)Cl,ClC(Cl)=C(Cl)Cl
CC(C)(C)Br,1.207599723329487,train,CC(C)(C)Br,CC(C)(C)Br
C=C(c1ccccc1)c1ccccc1,0.2660737417987417,test,C=C(c1ccccc1)c1ccccc1,C=C(c1ccccc1)c1ccccc1
CCc1ccc(C)cc1,0.7420385335670466,train,CCc1ccc(C)cc1,CCc1ccc(C)cc1
Cc1cccnc1,-0.2515054579930215,train,Cc1cccnc1,Cc1cccnc1
COCC(OC)(OC)OC,-0.501191906133772,train,COCC(OC)(OC)OC,COCC(OC)(OC)OC
c1ccc2c(c1)Cc1ccccc1-2,0.1178224132151711,test,c1ccc2c(c1)Cc1ccccc1-2,c1ccc2c(c1)Cc1ccccc1-2
CC(N)=O,-1.536350305717299,train,CC(N)=O,CC(N)=O
COS(=O)(=O)OC,-0.3373351745414044,train,COS(=O)(=O)OC,COS(=O)(=O)OC
ClC(Cl)C(Cl)Cl,0.3727106623588536,train,ClC(Cl)C(Cl)Cl,ClC(Cl)C(Cl)Cl
COC(=O)C1CCCCC1,0.130826915722502,valid,COC(=O)C1CCCCC1,COC(=O)C1CCCCC1
CCCCCCBr,1.035940290232721,train,CCCCCCBr,CCCCCCBr
CCCCCCCBr,1.0775546982561797,train,CCCCCCCBr,CCCCCCCBr
Clc1cccc2c1Oc1ccccc1O2,0.0736071046902467,valid,Clc1cccc2c1Oc1ccccc1O2,Clc1cccc2c1Oc1ccccc1O2
COC(CC#N)(OC)OC,-0.6754522397320037,train,COC(CC#N)(OC)OC,COC(CC#N)(OC)OC
CC[C@H](C)Cl,0.9891240812063308,train,CC[C@H](C)Cl,CC[C@H](C)Cl
CCCCCCc1ccccc1,0.978720479200466,train,CCCCCCc1ccccc1,CCCCCCc1ccccc1
COc1cc(C=O)c(Cl)c(OC)c1O,-1.034376508934332,train,COc1cc(C=O)c(Cl)c(OC)c1O,COc1cc(C=O)c(Cl)c(OC)c1O
FC(F)(F)c1cccc(C(F)(F)F)c1,1.2674204348632083,train,FC(F)(F)c1cccc(C(F)(F)F)c1,FC(F)(F)c1cccc(C(F)(F)F)c1
c1ccc(Cn2ccnc2)cc1,-0.9953630014123396,test,c1ccc(Cn2ccnc2)cc1,c1ccc(Cn2ccnc2)cc1
Nc1cccc2ccccc12,-0.9043314838610248,valid,Nc1cccc2ccccc12,Nc1cccc2ccccc12
CCOC(=O)CC(=O)OCC,-0.5714162196733578,train,CCOC(=O)CC(=O)OCC,CCOC(=O)CC(=O)OCC
CC(=O)C1CC1,-0.2098910499695633,test,CC(=O)C1CC1,CC(=O)C1CC1
c1cc[nH]c1,-0.2541063584944878,test,c1cc[nH]c1,c1cc[nH]c1
O=C(O)c1cc(-c2ccc(F)cc2F)ccc1O,-1.455722390171848,train,O=C(O)c1cc(-c2ccc(F)cc2F)ccc1O,O=C(O)c1cc(-c2ccc(F)cc2F)ccc1O
CC1CCC(C)CC1,1.5379140870156878,valid,CC1CCC(C)CC1,CC1CCC(C)CC1
OC1CCCCC1,-0.4309675925941857,valid,OC1CCCCC1,OC1CCCCC1
CN(C)CCC=C1c2ccccc2CCc2ccccc21,-0.9433449913830168,test,CN(C)CCC=C1c2ccccc2CCc2ccccc21,CN(C)CCC=C1c2ccccc2CCc2ccccc21
Oc1ccc(F)cc1,-0.6208333292012147,train,Oc1ccc(F)cc1,Oc1ccc(F)cc1
Nc1ccccc1Cl,-0.2879180650135477,train,Nc1ccccc1Cl,Nc1ccccc1Cl
Cc1ccc(C)c(C)c1,0.765446638080242,train,Cc1ccc(C)c(C)c1,Cc1ccc(C)c(C)c1
CCc1ccccc1C,0.7680475385817082,train,CCc1ccccc1C,CCc1ccccc1C
C=C(C)[C@@H]1CC[C@@H](C)C(=O)C1,0.0137863931565253,train,C=C(C)[C@@H]1CC[C@@H](C)C(=O)C1,C=C(C)[C@@H]1CC[C@@H](C)C(=O)C1
c1ccc(-c2ccccc2)cc1,0.2868809458104708,train,c1ccc(-c2ccccc2)cc1,c1ccc(-c2ccccc2)cc1
Cc1cccc(O)c1C,-0.6130306276968162,train,Cc1cccc(O)c1C,Cc1cccc(O)c1C
COP(=S)(OC)Oc1ccc([N+](=O)[O-])cc1,-0.8809233793478295,train,COP(=S)(OC)Oc1ccc([N+](=O)[O-])cc1,COP(=S)(OC)Oc1ccc([N+](=O)[O-])cc1
CCOP(=S)(OCC)Oc1ccc([N+](=O)[O-])cc1,-0.7638828567818527,train,CCOP(=S)(OCC)Oc1ccc([N+](=O)[O-])cc1,CCOP(=S)(OCC)Oc1ccc([N+](=O)[O-])cc1
CCN(CC)c1c([N+](=O)[O-])cc(C(F)(F)F)c(N)c1[N+](=O)[O-],-0.4829856026235087,train,CCN(CC)c1c([N+](=O)[O-])cc(C(F)(F)F)c(N)c1[N+](=O)[O-],CCN(CC)c1c([N+](=O)[O-])cc(C(F)(F)F)c(N)c1[N+](=O)[O-]
CSC,0.570379100470281,train,CSC,CSC
C[C@H](C(=O)O)c1cccc(C(=O)c2ccccc2)c1,-1.814646659374176,test,C[C@H](C(=O)O)c1cccc(C(=O)c2ccccc2)c1,C[C@H](C(=O)O)c1cccc(C(=O)c2ccccc2)c1
OC1CCCC1,-0.4387702940985843,valid,OC1CCCC1,OC1CCCC1
CCCCC(=O)OC,0.3232935528309968,train,CCCCC(=O)OC,CCCCC(=O)OC
C=C(C)CCC,1.3714564549218542,train,C=C(C)CCC,C=C(C)CCC
C[C@H](C(=O)O)c1ccc(-c2ccccc2)c(F)c1,-1.2008341410281658,train,C[C@H](C(=O)O)c1ccc(-c2ccccc2)c(F)c1,C[C@H](C(=O)O)c1ccc(-c2ccccc2)c(F)c1
CCCN(CCC)c1c([N+](=O)[O-])cc(S(C)(=O)=O)cc1[N+](=O)[O-],-1.0863945189636552,train,CCCN(CCC)c1c([N+](=O)[O-])cc(S(C)(=O)=O)cc1[N+](=O)[O-],CCCN(CCC)c1c([N+](=O)[O-])cc(S(C)(=O)=O)cc1[N+](=O)[O-]
C=CCl,0.8356709516198281,train,C=CCl,C=CCl
Cc1ccc(C(=O)N(C)C)cc1,-1.5493548082246291,train,Cc1ccc(C(=O)N(C)C)cc1,Cc1ccc(C(=O)N(C)C)cc1
CCCC(=O)CCC,0.2296611347782156,train,CCCC(=O)CCC,CCCC(=O)CCC
COC(=O)c1ccccc1,-0.030428915368399,train,COC(=O)c1ccccc1,COC(=O)c1ccccc1
Cc1ccc(C=O)cc1,-0.121460432919714,train,Cc1ccc(C=O)cc1,Cc1ccc(C=O)cc1
CCCOC(=O)CCC,0.396118766872049,train,CCCOC(=O)CCC,CCCOC(=O)CCC
C1CNCCN1,-0.9355422898786184,test,C1CNCCN1,C1CNCCN1
CCOP(=S)(OCC)S[C@@H](CCl)N1C(=O)c2ccccc2C1=O,-0.5037928066352381,test,CCOP(=S)(OCC)S[C@@H](CCl)N1C(=O)c2ccccc2C1=O,CCOP(=S)(OCC)S[C@@H](CCl)N1C(=O)c2ccccc2C1=O
CCOCCO,-0.7508783542745221,train,CCOCCO,CCOCCO
CCC(C)CC,1.641950107074334,train,CCC(C)CC,CCC(C)CC
Cc1cnccn1,-0.4439720951015165,test,Cc1cnccn1,Cc1cnccn1
CCC[N+](=O)[O-],0.1204233137166374,train,CCC[N+](=O)[O-],CCC[N+](=O)[O-]
Cc1cc(C)cc(C)c1,0.7550430360743775,train,Cc1cc(C)cc(C)c1,Cc1cc(C)cc(C)c1
O=c1[nH]cc(F)c(=O)[nH]1,-3.411599567274392,valid,O=c1[nH]cc(F)c(=O)[nH]1,O=c1[nH]cc(F)c(=O)[nH]1
CCO,-0.311326169526743,train,CCO,CCO
Cc1ccc(C)c2ccccc12,0.2556701397928771,valid,Cc1ccc(C)c2ccccc12,Cc1ccc(C)c2ccccc12
Clc1cc2c(cc1Cl)Oc1cc(Cl)c(Cl)cc1O2,0.1126206122122388,valid,Clc1cc2c(cc1Cl)Oc1cc(Cl)c(Cl)cc1O2,Clc1cc2c(cc1Cl)Oc1cc(Cl)c(Cl)cc1O2
N#Cc1c(Cl)cccc1Cl,-0.2359000549842247,train,N#Cc1c(Cl)cccc1Cl,N#Cc1c(Cl)cccc1Cl
CCOC=O,0.3232935528309968,train,CCOC=O,CCOC=O
Clc1cc(Cl)c(Cl)cc1Cl,0.6406034140098668,train,Clc1cc(Cl)c(Cl)cc1Cl,Clc1cc(Cl)c(Cl)cc1Cl
CCOC(OCC)Oc1ccccc1,-0.3711468810604645,train,CCOC(OCC)Oc1ccccc1,CCOC(OCC)Oc1ccccc1
O=[N+]([O-])c1cccc(O)c1,-1.5129422012041032,train,O=[N+]([O-])c1cccc(O)c1,O=[N+]([O-])c1cccc(O)c1
CCCCCCCCO,-0.0746442238933235,train,CCCCCCCCO,CCCCCCCCO
C=CCC,1.348048350408659,train,C=CCC,C=CCC
ClC(Cl)(Cl)Cl,1.0099312852180595,train,ClC(Cl)(Cl)Cl,ClC(Cl)(Cl)Cl
OCCc1ccccc1,-0.7768873592891835,train,OCCc1ccccc1,OCCc1ccccc1
CN(C)C(=O)Nc1ccccc1,-1.385498076632262,train,CN(C)C(=O)Nc1ccccc1,CN(C)C(=O)Nc1ccccc1
CSSC,0.5131592894380257,train,CSSC,CSSC
O=C1[C@@H]2CC=CC[C@H]2C(=O)N1SC(Cl)(Cl)Cl,-1.354287270614668,test,O=C1[C@@H]2CC=CC[C@H]2C(=O)N1SC(Cl)(Cl)Cl,O=C1[C@@H]2CC=CC[C@H]2C(=O)N1SC(Cl)(Cl)Cl
CC(=O)OCC(COC(C)=O)OC(C)=O,-1.3100719620897436,train,CC(=O)OCC(COC(C)=O)OC(C)=O,CC(=O)OCC(COC(C)=O)OC(C)=O
COC,0.4923520854262964,train,COC,COC
CCCCCC,1.6341474055699352,train,CCCCCC,CCCCCC
BrCCBr,0.3831142643647182,train,BrCCBr,BrCCBr
ClC(Cl)C(Cl)(Cl)Cl,0.6692133195259945,train,ClC(Cl)C(Cl)(Cl)Cl,ClC(Cl)C(Cl)(Cl)Cl
O=c1[nH]cc(C(F)(F)F)c(=O)[nH]1,-3.031868094060333,valid,O=c1[nH]cc(C(F)(F)F)c(=O)[nH]1,O=c1[nH]cc(C(F)(F)F)c(=O)[nH]1
Cc1cccc(C)c1N,-0.3659450800575321,train,Cc1cccc(C)c1N,Cc1cccc(C)c1N
CCCOC(C)=O,0.2634728412972755,train,CCCOC(C)=O,CCCOC(C)=O
c1ccc2ncccc2c1,-0.4985910056323056,test,c1ccc2ncccc2c1,c1ccc2ncccc2c1
CCS,0.6926214240391898,train,CCS,CCS
CCSSCC,0.5625763989658824,train,CCSSCC,CCSSCC
c1ccsc1,0.62499801100107,test,c1ccsc1,c1ccsc1
CCc1cccc2ccccc12,0.3649079608544552,valid,CCc1cccc2ccccc12,CCc1cccc2ccccc12
CCCC(C)=O,0.0736071046902467,train,CCCC(C)=O,CCCC(C)=O
Clc1cc(-c2c(Cl)cc(Cl)c(Cl)c2Cl)c(Cl)c(Cl)c1Cl,-0.2098910499695633,train,Clc1cc(-c2c(Cl)cc(Cl)c(Cl)c2Cl)c(Cl)c(Cl)c1Cl,Clc1cc(-c2c(Cl)cc(Cl)c(Cl)c2Cl)c(Cl)c(Cl)c1Cl
CCCN(CC1CC1)c1c([N+](=O)[O-])cc(C(F)(F)F)cc1[N+](=O)[O-],0.3519034583471244,test,CCCN(CC1CC1)c1c([N+](=O)[O-])cc(C(F)(F)F)cc1[N+](=O)[O-],CCCN(CC1CC1)c1c([N+](=O)[O-])cc(C(F)(F)F)cc1[N+](=O)[O-]
CC(=O)O,-0.7508783542745221,train,CC(=O)O,CC(=O)O
CC=O,0.078808905693179,train,CC=O,CC=O
Nc1cccc([N+](=O)[O-])c1,-1.3100719620897436,train,Nc1cccc([N+](=O)[O-])c1,Nc1cccc([N+](=O)[O-])c1
C#CCCCC,1.0645501957488488,train,C#CCCCC,C#CCCCC
COc1ccccc1N,-0.6026270256909516,train,COc1ccccc1N,COc1ccccc1N
Oc1ccccc1,-0.7274702497613265,train,Oc1ccccc1,Oc1ccccc1
CCC#N,-0.0096217113566698,train,CCC#N,CCC#N
Oc1cccc2ccccc12,-1.0057666034182045,valid,Oc1cccc2ccccc12,Oc1cccc2ccccc12
CCCCOC(C)=O,0.3024863488192676,train,CCCCOC(C)=O,CCCCOC(C)=O
CNC(=O)O/N=C\C(C)(C)SC,-1.5701620122363589,train,CNC(=O)O/N=C\C(C)(C)SC,CNC(=O)O/N=C\C(C)(C)SC
Cc1ccccc1O,-0.5454072146586963,train,Cc1ccccc1O,Cc1ccccc1O
CC(C)C=O,0.2452665377870125,train,CC(C)C=O,CC(C)C=O
CCC(N)=O,-1.455722390171848,train,CCC(N)=O,CCC(N)=O
CCCBr,0.8434736531242264,train,CCCBr,CCCBr
CC(C)Cl,0.924101568669677,train,CC(C)Cl,CC(C)Cl
ClCCCCl,0.4975538864292288,train,ClCCCCl,ClCCCCl
O=[N+]([O-])c1ccc(O)cc1,-1.7782340523536504,train,O=[N+]([O-])c1ccc(O)cc1,O=[N+]([O-])c1ccc(O)cc1
C[C@H](Cl)CCl,0.6588097175201298,train,C[C@H](Cl)CCl,C[C@H](Cl)CCl
Nc1ccc(Cl)cc1,-0.5454072146586963,train,Nc1ccc(Cl)cc1,Nc1ccc(Cl)cc1
Nc1cccc2c1C(=O)c1ccccc1C2=O,-1.4661259921777123,valid,Nc1cccc2c1C(=O)c1ccccc1C2=O,Nc1cccc2c1C(=O)c1ccccc1C2=O
Cc1cccnc1C,-0.2645099605003524,train,Cc1cccnc1C,Cc1cccnc1C
N#Cc1ccncc1,-0.57661802067629,train,N#Cc1ccncc1,N#Cc1ccncc1
CCOP(=S)(OCC)SCSCC,-0.1474694379343756,train,CCOP(=S)(OCC)SCSCC,CCOP(=S)(OCC)SCSCC
CC(=O)C1CCCCC1,-0.0252271143654667,valid,CC(=O)C1CCCCC1,CC(=O)C1CCCCC1
Cc1ccccc1C=O,-0.0330298158698652,train,Cc1ccccc1C=O,Cc1ccccc1C=O
CC(=O)c1ccncc1,-0.9927621009108736,train,CC(=O)c1ccncc1,CC(=O)c1ccncc1
Clc1cc2c(cc1Cl)Oc1c(Cl)c(Cl)c(Cl)c(Cl)c1O2,0.0241899951623899,valid,Clc1cc2c(cc1Cl)Oc1c(Cl)c(Cl)c(Cl)c(Cl)c1O2,Clc1cc2c(cc1Cl)Oc1c(Cl)c(Cl)c(Cl)c(Cl)c1O2
CC(C)=O,0.0007818906491946,train,CC(C)=O,CC(C)=O
C=C(C)C,1.2908285393764036,train,C=C(C)C,C=C(C)C
Clc1ccc(Cl)c(-c2cc(Cl)c(Cl)c(Cl)c2)c1,0.0501990001770514,train,Clc1ccc(Cl)c(-c2cc(Cl)c(Cl)c(Cl)c2)c1,Clc1ccc(Cl)c(-c2cc(Cl)c(Cl)c(Cl)c2)c1
CCCCC[N+](=O)[O-],0.2556701397928771,train,CCCCC[N+](=O)[O-],CCCCC[N+](=O)[O-]
CCC/C=C/C=O,0.0319926966667883,train,CCC/C=C/C=O,CCC/C=C/C=O
CN(C)C(=O)c1ccc([N+](=O)[O-])cc1,-2.118952018045716,train,CN(C)C(=O)c1ccc([N+](=O)[O-])cc1,CN(C)C(=O)c1ccc([N+](=O)[O-])cc1
C1CCOC1,0.0866116071975774,valid,C1CCOC1,C1CCOC1
CCCCCCCC,1.7381834256285813,train,CCCCCCCC,CCCCCCCC
CCCN(CCC)c1c([N+](=O)[O-])cc(C(F)(F)F)cc1[N+](=O)[O-],0.1438314182298327,train,CCCN(CCC)c1c([N+](=O)[O-])cc(C(F)(F)F)cc1[N+](=O)[O-],CCCN(CCC)c1c([N+](=O)[O-])cc(C(F)(F)F)cc1[N+](=O)[O-]
C=C[C@@](C)(CCC=C(C)C)OC(C)=O,0.3414998563412598,train,C=C[C@@](C)(CCC=C(C)C)OC(C)=O,C=C[C@@](C)(CCC=C(C)C)OC(C)=O
C[C@@H](CCO[N+](=O)[O-])O[N+](=O)[O-],-0.1266622339226465,train,C[C@@H](CCO[N+](=O)[O-])O[N+](=O)[O-],C[C@@H](CCO[N+](=O)[O-])O[N+](=O)[O-]
CC(C)OC(C)C,0.8512763546286249,train,CC(C)OC(C)C,CC(C)OC(C)C
CCCCC(C)C,1.751187928135912,train,CCCCC(C)C,CCCCC(C)C
O=[N+]([O-])c1c(Cl)c(Cl)c(Cl)c(Cl)c1Cl,-0.3685459805589981,train,O=[N+]([O-])c1c(Cl)c(Cl)c(Cl)c(Cl)c1Cl,O=[N+]([O-])c1c(Cl)c(Cl)c(Cl)c(Cl)c1Cl
FC(F)(F)[C@H](Cl)Br,0.9605141756902033,train,FC(F)(F)[C@H](Cl)Br,FC(F)(F)[C@H](Cl)Br
CCCCOCCCC,0.7732493395846405,train,CCCCOCCCC,CCCCOCCCC
CCCCCC1CCCC1,1.652353709080198,valid,CCCCCC1CCCC1,CCCCCC1CCCC1
CC(C)CC(C)C,1.7251789231212509,train,CC(C)CC(C)C,CC(C)CC(C)C
Cc1ccc(C)nc1,-0.2385009554856908,train,Cc1ccc(C)nc1,Cc1ccc(C)nc1
C/C=C/C=O,-0.1084559304123834,train,C/C=C/C=O,C/C=C/C=O
CCC[C@H](C)CC,1.6939681171036567,train,CCC[C@H](C)CC,CCC[C@H](C)CC
Clc1cc(Cl)c(-c2c(Cl)cccc2Cl)c(Cl)c1,0.4793475829189657,train,Clc1cc(Cl)c(-c2c(Cl)cccc2Cl)c(Cl)c1,Clc1cc(Cl)c(-c2c(Cl)cccc2Cl)c(Cl)c1
FC(F)[C@@H](F)Oc1ccccc1,0.6536079165171976,train,FC(F)[C@@H](F)Oc1ccccc1,FC(F)[C@@H](F)Oc1ccccc1
COCCOC,-0.2697117615032846,train,COCCOC,COCCOC
CC[C@H](C)c1ccccc1,0.872083558640354,train,CC[C@H](C)c1ccccc1,CC[C@H](C)c1ccccc1
OCCCc1ccccc1,-0.8106990658082434,train,OCCCc1ccccc1,OCCCc1ccccc1
CC[C@@H](C)c1cc([N+](=O)[O-])cc([N+](=O)[O-])c1O,-0.6312369312070792,train,CC[C@@H](C)c1cc([N+](=O)[O-])cc([N+](=O)[O-])c1O,CC[C@@H](C)c1cc([N+](=O)[O-])cc([N+](=O)[O-])c1O
COC(=O)c1ccc(OC)cc1,-0.397155886075126,train,COC(=O)c1ccc(OC)cc1,COC(=O)c1ccc(OC)cc1
CCC(=O)Nc1ccc(Cl)c(Cl)c1,-1.034376508934332,train,CCC(=O)Nc1ccc(Cl)c(Cl)c1,CCC(=O)Nc1ccc(Cl)c(Cl)c1
COc1ccc2cc([C@H](C)C(=O)O)ccc2c1,-1.6663953307906063,valid,COc1ccc2cc([C@H](C)C(=O)O)ccc2c1,COc1ccc2cc([C@H](C)C(=O)O)ccc2c1
FC1(F)C(F)(F)C(F)(F)C1(F)F,1.88123295320922,test,FC1(F)C(F)(F)C(F)(F)C1(F)F,FC1(F)C(F)(F)C(F)(F)C1(F)F
CC(=O)OCCC(C)C,0.414325070382312,train,CC(=O)OCCC(C)C,CC(=O)OCCC(C)C
CCCCCCCl,0.9891240812063308,train,CCCCCCCl,CCCCCCCl
CC(=O)CC(C)C,0.1958494282591557,train,CC(=O)CC(C)C,CC(=O)CC(C)C
CCCCCC=O,0.2582710402943431,train,CCCCCC=O,CCCCCC=O
Nc1cccc(Cl)c1,-0.5246000106469672,train,Nc1cccc(Cl)c1,Nc1cccc(Cl)c1
C1COCCN1,-0.8757215783448971,test,C1COCCN1,C1COCCN1
CCOC(C)OCC,0.1360287167254343,train,CCOC(C)OCC,CCOC(C)OCC
CCCCN(CC)c1c([N+](=O)[O-])cc(C(F)(F)F)cc1[N+](=O)[O-],0.0762080051917129,train,CCCCN(CC)c1c([N+](=O)[O-])cc(C(F)(F)F)cc1[N+](=O)[O-],CCCCN(CC)c1c([N+](=O)[O-])cc(C(F)(F)F)cc1[N+](=O)[O-]
CS,0.6770160210303929,train,CS,CS
O=S1OC[C@@H]2[C@H](CO1)[C@]1(Cl)C(Cl)=C(Cl)[C@@]2(Cl)C1(Cl)Cl,-0.1110568309138497,test,O=S1OC[C@@H]2[C@H](CO1)[C@]1(Cl)C(Cl)=C(Cl)[C@@]2(Cl)C1(Cl)Cl,O=S1OC[C@@H]2[C@H](CO1)[C@]1(Cl)C(Cl)=C(Cl)[C@@]2(Cl)C1(Cl)Cl
COc1ccc(C(C)=O)cc1,-0.1552721394387742,train,COc1ccc(C(C)=O)cc1,COc1ccc(C(C)=O)cc1
C=CCO,-0.3191288710311415,train,C=CCO,C=CCO
CCSC,0.5989890059864085,train,CCSC,CCSC
CCCCCOC(C)=O,0.3362980553383277,train,CCCCCOC(C)=O,CCCCCOC(C)=O
Clc1cc(Cl)c(Cl)c(Cl)c1,0.5677781999688147,train,Clc1cc(Cl)c(Cl)c(Cl)c1,Clc1cc(Cl)c(Cl)c(Cl)c1
CC(=O)c1ccccc1,-0.2020883484651648,train,CC(=O)c1ccccc1,CC(=O)c1ccccc1
CCCl,0.8252673496139634,train,CCCl,CCCl
CCCC1CCCC1,1.5431158880186202,valid,CCCC1CCCC1,CCCC1CCCC1
Clc1cc(Cl)cc(Cl)c1,0.7862538420919712,train,Clc1cc(Cl)cc(Cl)c1,Clc1cc(Cl)cc(Cl)c1
CCCOC(=O)c1ccc(O)cc1,-1.4479196886674492,train,CCCOC(=O)c1ccc(O)cc1,CCCOC(=O)c1ccc(O)cc1
Oc1cccc(Cl)c1,-0.7326720507642589,train,Oc1cccc(Cl)c1,Oc1cccc(Cl)c1
CC(C)CCO,-0.1604739404417064,train,CC(C)CCO,CC(C)CCO
CCCCCN,-0.0746442238933235,train,CCCCCN,CCCCCN
Cc1[nH]c(=O)n(C(C)(C)C)c(=O)c1Cl,-1.908279077426958,valid,Cc1[nH]c(=O)n(C(C)(C)C)c(=O)c1Cl,Cc1[nH]c(=O)n(C(C)(C)C)c(=O)c1Cl
CC(C)CCC(C)(C)C,1.751187928135912,train,CC(C)CCC(C)(C)C,CC(C)CCC(C)(C)C
CCCCOCCO,-0.6364387322100115,train,CCCCOCCO,CCCCOCCO
ClC1=C(Cl)[C@]2(Cl)[C@H]3[C@H]4C[C@H]([C@@H]5O[C@H]45)[C@H]3[C@@]1(Cl)C2(Cl)Cl,-0.2645099605003524,test,ClC1=C(Cl)[C@]2(Cl)[C@H]3[C@H]4C[C@H]([C@@H]5O[C@H]45)[C@H]3[C@@]1(Cl)C2(Cl)Cl,ClC1=C(Cl)[C@]2(Cl)[C@H]3[C@H]4C[C@H]([C@@H]5O[C@H]45)[C@H]3[C@@]1(Cl)C2(Cl)Cl
NC(=O)c1ccccc1,-1.871866470406432,train,NC(=O)c1ccccc1,NC(=O)c1ccccc1
CC(C)[N+](=O)[O-],0.1750422242474265,train,CC(C)[N+](=O)[O-],CC(C)[N+](=O)[O-]
OCC(O)CO,-2.503885292262705,train,OCC(O)CO,OCC(O)CO
CCCI,0.8512763546286249,train,CCCI,CCCI
COCCN,-0.7144657472539958,train,COCCN,COCCN
ClCC(Cl)(Cl)Cl,0.6171953094966715,train,ClCC(Cl)(Cl)Cl,ClCC(Cl)(Cl)Cl
CCC(=O)OC,0.2270602342767494,train,CCC(=O)OC,CCC(=O)OC
C1CCCC1,1.3012321413822685,valid,C1CCCC1,C1CCCC1
CCc1cccnc1,-0.2046892489666309,train,CCc1cccnc1,CCc1cccnc1
Cc1cncc(C)c1,-0.2697117615032846,train,Cc1cncc(C)c1,Cc1cncc(C)c1
COCCO,-0.7326720507642587,train,COCCO,COCCO
COC=O,0.2660737417987417,train,COC=O,COC=O
Nc1ccc2ccccc2c1,-0.9537485933888812,valid,Nc1ccc2ccccc2c1,Nc1ccc2ccccc2c1
Cc1c[nH]cn1,-1.6820007337994027,test,Cc1c[nH]cn1,Cc1c[nH]cn1
Cc1cccc([N+](=O)[O-])c1,0.0918134082005097,train,Cc1cccc([N+](=O)[O-])c1,Cc1cccc([N+](=O)[O-])c1
ClCCCCCl,0.3857151648661844,train,ClCCCCCl,ClCCCCCl
CC(=O)CO[N+](=O)[O-],-0.5688153191718917,train,CC(=O)CO[N+](=O)[O-],CC(=O)CO[N+](=O)[O-]
CC(C)(C)c1ccccc1,0.8746844591418202,train,CC(C)(C)c1ccccc1,CC(C)(C)c1ccccc1
CCCCCC(=O)OC,0.3414998563412598,train,CCCCCC(=O)OC,CCCCCC(=O)OC
C[C@H](O)C(F)(F)F,-0.0928505274035866,train,C[C@H](O)C(F)(F)F,C[C@H](O)C(F)(F)F
CCCCCBr,0.9631150761916693,train,CCCCCBr,CCCCCBr
C=CCCCCCC,1.4884969774878307,train,C=CCCCCCC,C=CCCCCCC
CC1=CC(=O)[C@H](C(C)C)CC1,-0.1838820449549016,test,CC1=CC(=O)[C@H](C(C)C)CC1,CC1=CC(=O)[C@H](C(C)C)CC1
CC(C)O,-0.2437027564886232,train,CC(C)O,CC(C)O
CCCCCCN,-0.0382316168727975,train,CCCCCCN,CCCCCCN
O=[N+]([O-])OCCCO[N+](=O)[O-],-0.25930815949742,train,O=[N+]([O-])OCCCO[N+](=O)[O-],O=[N+]([O-])OCCCO[N+](=O)[O-]
Cc1ccc(O)c(C)c1,-0.5740171201748239,train,Cc1ccc(O)c(C)c1,Cc1ccc(O)c(C)c1
CCCCCO,-0.1994874479636987,train,CCCCCO,CCCCCO
CCC[C@@H](C)O,-0.1526712389373078,train,CCC[C@@H](C)O,CCC[C@@H](C)O
CCCC[C@@H](C)CC,1.7615915301417766,train,CCCC[C@@H](C)CC,CCCC[C@@H](C)CC
CC(C)Cc1ccc([C@H](C)C(=O)O)cc1,-0.8315062698199726,train,CC(C)Cc1ccc([C@H](C)C(=O)O)cc1,CC(C)Cc1ccc([C@H](C)C(=O)O)cc1
CCOC(=O)C[C@@H](SP(=S)(OC)OC)C(=O)OCC,-1.1306098274885796,train,CCOC(=O)C[C@@H](SP(=S)(OC)OC)C(=O)OCC,CCOC(=O)C[C@@H](SP(=S)(OC)OC)C(=O)OCC
Cc1ccc(O)cc1C,-0.7014612447466652,train,Cc1ccc(O)cc1C,Cc1ccc(O)cc1C
Cc1cc(O)ccc1Cl,-0.7768873592891835,train,Cc1cc(O)ccc1Cl,Cc1cc(O)ccc1Cl
C/C=C/CCCC,1.4260753654526437,train,C/C=C/CCCC,C/C=C/CCCC
CCCOCCC,0.6874196230362576,train,CCCOCCC,CCCOCCC
CC(C)[C@@H]1CC[C@@H](C)C[C@H]1O,0.1568359207371633,valid,CC(C)[C@@H]1CC[C@@H](C)C[C@H]1O,CC(C)[C@@H]1CC[C@@H](C)C[C@H]1O
CCNc1nc(NC(C)(C)C)nc(SC)n1,-0.7482774537730557,test,CCNc1nc(NC(C)(C)C)nc(SC)n1,CCNc1nc(NC(C)(C)C)nc(SC)n1
CC(C)CC(C)(C)C,1.7407843261300473,train,CC(C)CC(C)(C)C,CC(C)CC(C)(C)C
CCCCC(=O)CCCC,0.3024863488192676,train,CCCCC(=O)CCCC,CCCCC(=O)CCCC
CCCCN(CC)C(=O)SCCC,0.0423962986726529,train,CCCCN(CC)C(=O)SCCC,CCCCN(CC)C(=O)SCCC
C=CCCCCC,1.4208735644497112,train,C=CCCCCC,C=CCCCCC
CC(C)OC=O,0.4637421799101688,train,CC(C)OC=O,CC(C)OC=O
CC(=O)OC(C)OC(C)=O,-0.3035234680223445,train,CC(=O)OC(C)OC(C)=O,CC(=O)OC(C)OC(C)=O
O=c1[nH]cc(Cl)c(=O)[nH]1,-3.624873408394614,valid,O=c1[nH]cc(Cl)c(=O)[nH]1,O=c1[nH]cc(Cl)c(=O)[nH]1
C=C(C)c1ccccc1,0.6666124190245284,train,C=C(C)c1ccccc1,C=C(C)c1ccccc1
CCC(C)C,1.6081384005552737,train,CCC(C)C,CCC(C)C
CCCCO[N+](=O)[O-],0.4455358763999058,train,CCCCO[N+](=O)[O-],CCCCO[N+](=O)[O-]
Brc1ccccc1,0.6093926079922731,train,Brc1ccccc1,Brc1ccccc1
CC(Cl)(Cl)Cl,0.939706971678474,train,CC(Cl)(Cl)Cl,CC(Cl)(Cl)Cl
C=C(C)[C@@H]1CC=C(C=O)CC1,-0.0746442238933235,valid,C=C(C)[C@@H]1CC=C(C=O)CC1,C=C(C)[C@@H]1CC=C(C=O)CC1
Cc1ccccc1[N+](=O)[O-],0.0580017016814498,train,Cc1ccccc1[N+](=O)[O-],Cc1ccccc1[N+](=O)[O-]
CCCCCCCI,1.0593483947459166,train,CCCCCCCI,CCCCCCCI
c1cc2ccc3cccc4ccc(c1)c2c34,-0.1864829454563677,test,c1cc2ccc3cccc4ccc(c1)c2c34,c1cc2ccc3cccc4ccc(c1)c2c34
CCCCCCl,0.9631150761916693,train,CCCCCCl,CCCCCCl
CC(=O)OCC(C)C,0.3753115628603198,train,CC(=O)OCC(C)C,CC(=O)OCC(C)C
CCC(C)(C)C,1.641950107074334,train,CCC(C)(C)C,CCC(C)(C)C
Nc1ccc([N+](=O)[O-])cc1,-1.5649602112334262,train,Nc1ccc([N+](=O)[O-])cc1,Nc1ccc([N+](=O)[O-])cc1
COC(=O)CC#N,-0.7586810557789204,train,COC(=O)CC#N,COC(=O)CC#N
COc1ccc(N)cc1,-0.9563494938903476,train,COc1ccc(N)cc1,COc1ccc(N)cc1
CC(C)Cc1ccccc1,1.030738489229789,train,CC(C)Cc1ccccc1,CC(C)Cc1ccccc1
Clc1cc(Cl)c(-c2ccccc2)c(Cl)c1,0.4273295728896427,train,Clc1cc(Cl)c(-c2ccccc2)c(Cl)c1,Clc1cc(Cl)c(-c2ccccc2)c(Cl)c1
CN,-0.1942856469607663,train,CN,CN
Oc1ccccc1Cl,-0.1942856469607663,train,Oc1ccccc1Cl,Oc1ccccc1Cl
Nc1ccc2c(c1)C(=O)c1ccccc1C2=O,-2.009714196984137,valid,Nc1ccc2c(c1)C(=O)c1ccccc1C2=O,Nc1ccc2c(c1)C(=O)c1ccccc1C2=O
Cl/C=C\Cl,0.6848187225347914,train,Cl/C=C\Cl,Cl/C=C\Cl
CCCCC(C)=O,0.1360287167254343,train,CCCCC(C)=O,CCCCC(C)=O
O=[N+]([O-])OCCO[N+](=O)[O-],-0.501191906133772,train,O=[N+]([O-])OCCO[N+](=O)[O-],O=[N+]([O-])OCCO[N+](=O)[O-]
Oc1ccccc1F,-0.3867522840692614,train,Oc1ccccc1F,Oc1ccccc1F
Cc1nc(N(C)C)nc(OC(=O)N(C)C)c1C,-1.458323290673314,valid,Cc1nc(N(C)C)nc(OC(=O)N(C)C)c1C,Cc1nc(N(C)C)nc(OC(=O)N(C)C)c1C
C=Cc1ccccc1,0.6666124190245284,train,C=Cc1ccccc1,C=Cc1ccccc1
CCOP(=O)(OCC)OCC,-0.96155129489328,train,CCOP(=O)(OCC)OCC,CCOP(=O)(OCC)OCC
OCC(F)(F)F,-0.1318640349255786,train,OCC(F)(F)F,OCC(F)(F)F
CCCCOC[C@H](C)O,-0.501191906133772,train,CCCCOC[C@H](C)O,CCCCOC[C@H](C)O
CCCO,-0.2723126620047507,train,CCCO,CCCO
Cc1ccccc1C,0.7550430360743775,train,Cc1ccccc1C,Cc1ccccc1C
CC(C)(C)C,1.641950107074334,train,CC(C)(C)C,CC(C)(C)C
C#CCCC,0.9917249817077968,train,C#CCCC,C#CCCC
O=C1NC(=O)c2ccccc21,-1.5103413007026372,test,O=C1NC(=O)c2ccccc21,O=C1NC(=O)c2ccccc21
CCCCI,0.924101568669677,train,CCCCI,CCCCI
Cc1ccc(O)cc1,-0.6052279261924176,train,Cc1ccc(O)cc1,Cc1ccc(O)cc1
CC(C)I,0.8694826581388879,train,CC(C)I,CC(C)I
COc1ccccc1O,-0.555810816664561,train,COc1ccccc1O,COc1ccccc1O
C1=CCCC1,1.134774509288435,test,C1=CCCC1,C1=CCCC1
C[C@@H](O)C(F)(F)F,-0.1032541294094512,train,C[C@@H](O)C(F)(F)F,C[C@@H](O)C(F)(F)F
CCCN,-0.1526712389373078,train,CCCN,CCCN
O=[N+]([O-])c1ccccc1O,-0.2020883484651648,train,O=[N+]([O-])c1ccccc1O,O=[N+]([O-])c1ccccc1O
Cc1cccc2ccccc12,0.3545043588485906,valid,Cc1cccc2ccccc12,Cc1cccc2ccccc12
Clc1c(Cl)c(Cl)c(Cl)c(Cl)c1Cl,0.3831142643647182,train,Clc1c(Cl)c(Cl)c(Cl)c(Cl)c1Cl,Clc1c(Cl)c(Cl)c(Cl)c(Cl)c1Cl
CCCCC/C=C/C=O,0.097015209203442,train,CCCCC/C=C/C=O,CCCCC/C=C/C=O
C#CCCCCCC,1.173788016810427,train,C#CCCCCCC,C#CCCCCCC
CCOP(=S)(OCC)Oc1cc(C)nc(C(C)C)n1,-0.6962594437437329,valid,CCOP(=S)(OCC)Oc1cc(C)nc(C(C)C)n1,CCOP(=S)(OCC)Oc1cc(C)nc(C(C)C)n1
CCCCCCCC(=O)OC,0.4585403789072365,train,CCCCCCCC(=O)OC,CCCCCCCC(=O)OC
C1CCNC1,-0.4361693935971182,test,C1CCNC1,C1CCNC1
O=Cc1ccc(O)cc1,-1.3074710615882776,train,O=Cc1ccc(O)cc1,O=Cc1ccc(O)cc1
CCCCCCCCl,1.0645501957488488,train,CCCCCCCCl,CCCCCCCCl
C1COCCO1,-0.3269315725355398,test,C1COCCO1,C1COCCO1
